Line; Date; Time; POT1 ; POT2 ; POT3 ; POT4 ; POT5 ; POT6 ; POTref ; PT1 ; PT2 ; PT3 ; PTref
0; 2023/10/11; 00:00:52; 1515; 2323; 1650; 2467; 2636; 2970; 1997; 1512; 1513; 1505; 1181
1; 2023/10/11; 00:01:53; 1515; 2324; 1651; 2465; 2637; 2970; 1997; 1513; 1513; 1504; 1181
2; 2023/10/11; 00:02:54; 1517; 2323; 1651; 2465; 2636; 2969; 1997; 1512; 1513; 1505; 1181
3; 2023/10/11; 00:03:55; 1516; 2324; 1651; 2465; 2637; 2970; 1997; 1513; 1512; 1505; 1182
4; 2023/10/11; 00:04:56; 1516; 2324; 1651; 2465; 2637; 2970; 1997; 1512; 1514; 1505; 1182
5; 2023/10/11; 00:05:57; 1516; 2324; 1650; 2466; 2637; 2970; 1997; 1513; 1514; 1505; 1181
6; 2023/10/11; 00:06:58; 1517; 2322; 1650; 2465; 2637; 2969; 1997; 1513; 1513; 1505; 1181
7; 2023/10/11; 00:07:59; 1516; 2322; 1651; 2466; 2635; 2970; 1997; 1513; 1513; 1505; 1181
8; 2023/10/11; 00:09:00; 1517; 2325; 1650; 2466; 2637; 2971; 1997; 1512; 1513; 1505; 1181
9; 2023/10/11; 00:10:02; 1516; 2323; 1651; 2466; 2636; 2970; 1997; 1513; 1513; 1505; 1181
10; 2023/10/11; 00:11:03; 1516; 2324; 1651; 2466; 2636; 2970; 1997; 1513; 1513; 1505; 1181
11; 2023/10/11; 00:12:04; 1516; 2323; 1651; 2466; 2636; 2970; 1997; 1513; 1513; 1505; 1181
12; 2023/10/11; 00:13:05; 1516; 2324; 1651; 2466; 2637; 2970; 1997; 1513; 1513; 1505; 1181
13; 2023/10/11; 00:14:06; 1517; 2324; 1651; 2466; 2637; 2970; 1997; 1513; 1514; 1505; 1181
14; 2023/10/11; 00:15:07; 1516; 2324; 1651; 2465; 2637; 2970; 1997; 1512; 1513; 1506; 1181
15; 2023/10/11; 00:16:08; 1516; 2323; 1650; 2465; 2636; 2970; 1997; 1513; 1513; 1506; 1181
16; 2023/10/11; 00:17:09; 1516; 2324; 1651; 2465; 2637; 2970; 1997; 1513; 1514; 1506; 1182
17; 2023/10/11; 00:18:10; 1516; 2324; 1650; 2466; 2637; 2970; 1997; 1514; 1514; 1506; 1181
18; 2023/10/11; 00:19:11; 1517; 2324; 1650; 2466; 2636; 2970; 1997; 1513; 1513; 1505; 1181
19; 2023/10/11; 00:20:12; 1516; 2324; 1650; 2466; 2637; 2970; 1997; 1513; 1514; 1506; 1181
20; 2023/10/11; 00:21:13; 1516; 2324; 1650; 2465; 2636; 2969; 1997; 1513; 1514; 1506; 1181
21; 2023/10/11; 00:22:14; 1517; 2325; 1651; 2466; 2636; 2969; 1997; 1514; 1513; 1506; 1181
22; 2023/10/11; 00:23:15; 1517; 2325; 1650; 2467; 2637; 2971; 1997; 1513; 1513; 1506; 1181
23; 2023/10/11; 00:24:16; 1516; 2323; 1650; 2464; 2637; 2970; 1997; 1514; 1513; 1507; 1181
24; 2023/10/11; 00:25:17; 1515; 2323; 1650; 2466; 2637; 2969; 1997; 1514; 1515; 1506; 1181
25; 2023/10/11; 00:26:18; 1516; 2325; 1650; 2465; 2636; 2970; 1997; 1514; 1514; 1506; 1181
26; 2023/10/11; 00:27:19; 1516; 2323; 1651; 2466; 2637; 2970; 1997; 1514; 1514; 1506; 1181
27; 2023/10/11; 00:28:20; 1515; 2323; 1650; 2466; 2636; 2969; 1997; 1514; 1515; 1506; 1181
28; 2023/10/11; 00:29:21; 1517; 2324; 1651; 2466; 2637; 2970; 1997; 1515; 1514; 1506; 1182
29; 2023/10/11; 00:30:22; 1515; 2323; 1650; 2466; 2637; 2970; 1997; 1515; 1515; 1506; 1182
30; 2023/10/11; 00:31:23; 1516; 2324; 1650; 2466; 2636; 2970; 1997; 1515; 1514; 1507; 1181
31; 2023/10/11; 00:32:24; 1516; 2324; 1651; 2466; 2637; 2970; 1997; 1514; 1515; 1507; 1181
32; 2023/10/11; 00:33:25; 1515; 2325; 1651; 2466; 2637; 2971; 1997; 1514; 1514; 1506; 1181
33; 2023/10/11; 00:34:26; 1515; 2323; 1651; 2465; 2636; 2970; 1997; 1515; 1515; 1507; 1181
34; 2023/10/11; 00:35:27; 1515; 2323; 1651; 2465; 2636; 2969; 1997; 1515; 1515; 1507; 1181
35; 2023/10/11; 00:36:28; 1514; 2323; 1650; 2466; 2636; 2970; 1997; 1514; 1515; 1507; 1181
36; 2023/10/11; 00:37:29; 1516; 2323; 1651; 2466; 2636; 2970; 1997; 1515; 1514; 1507; 1181
37; 2023/10/11; 00:38:30; 1516; 2323; 1650; 2465; 2636; 2970; 1997; 1515; 1515; 1507; 1181
38; 2023/10/11; 00:39:31; 1515; 2324; 1651; 2465; 2637; 2970; 1997; 1515; 1515; 1508; 1181
39; 2023/10/11; 00:40:32; 1516; 2323; 1651; 2466; 2636; 2970; 1997; 1514; 1515; 1507; 1181
40; 2023/10/11; 00:41:33; 1517; 2324; 1650; 2465; 2636; 2970; 1997; 1516; 1515; 1507; 1181
41; 2023/10/11; 00:42:34; 1515; 2324; 1651; 2464; 2636; 2969; 1997; 1515; 1515; 1507; 1181
42; 2023/10/11; 00:43:35; 1516; 2325; 1650; 2466; 2636; 2971; 1997; 1515; 1515; 1507; 1181
43; 2023/10/11; 00:44:36; 1516; 2323; 1650; 2466; 2636; 2971; 1997; 1515; 1515; 1507; 1181
44; 2023/10/11; 00:45:37; 1515; 2323; 1651; 2465; 2638; 2970; 1997; 1516; 1516; 1508; 1181
45; 2023/10/11; 00:46:38; 1516; 2324; 1650; 2466; 2637; 2970; 1997; 1515; 1515; 1507; 1181
46; 2023/10/11; 00:47:39; 1516; 2323; 1650; 2465; 2637; 2969; 1997; 1515; 1515; 1508; 1181
47; 2023/10/11; 00:48:40; 1516; 2324; 1649; 2466; 2635; 2969; 1997; 1515; 1515; 1508; 1181
48; 2023/10/11; 00:49:41; 1517; 2323; 1651; 2465; 2637; 2970; 1997; 1516; 1515; 1508; 1182
49; 2023/10/11; 00:50:42; 1517; 2322; 1650; 2466; 2636; 2970; 1997; 1515; 1516; 1507; 1181
50; 2023/10/11; 00:51:43; 1517; 2324; 1650; 2466; 2636; 2970; 1997; 1515; 1516; 1507; 1181
51; 2023/10/11; 00:52:44; 1516; 2324; 1651; 2467; 2637; 2970; 1997; 1515; 1515; 1507; 1181
52; 2023/10/11; 00:53:45; 1516; 2323; 1651; 2465; 2636; 2970; 1997; 1515; 1516; 1508; 1181
53; 2023/10/11; 00:54:46; 1517; 2324; 1650; 2466; 2637; 2970; 1997; 1515; 1516; 1508; 1181
54; 2023/10/11; 00:55:47; 1517; 2323; 1650; 2467; 2637; 2970; 1997; 1516; 1516; 1508; 1181
55; 2023/10/11; 00:56:48; 1515; 2322; 1652; 2465; 2636; 2970; 1997; 1516; 1516; 1508; 1182
56; 2023/10/11; 00:57:49; 1516; 2323; 1650; 2465; 2636; 2969; 1997; 1516; 1515; 1508; 1181
57; 2023/10/11; 00:58:50; 1516; 2323; 1651; 2465; 2636; 2969; 1997; 1515; 1516; 1507; 1181
58; 2023/10/11; 00:59:51; 1516; 2325; 1650; 2466; 2638; 2970; 1997; 1515; 1516; 1508; 1181
59; 2023/10/11; 01:00:52; 1515; 2325; 1650; 2465; 2636; 2970; 1997; 1516; 1516; 1508; 1181
60; 2023/10/11; 01:01:53; 1515; 2325; 1650; 2466; 2638; 2971; 1997; 1516; 1516; 1508; 1181
61; 2023/10/11; 01:02:54; 1515; 2323; 1650; 2466; 2637; 2969; 1997; 1516; 1517; 1508; 1181
62; 2023/10/11; 01:03:55; 1516; 2324; 1650; 2466; 2637; 2970; 1997; 1516; 1517; 1508; 1181
63; 2023/10/11; 01:04:56; 1516; 2324; 1651; 2466; 2637; 2970; 1997; 1515; 1516; 1508; 1182
64; 2023/10/11; 01:05:57; 1516; 2324; 1651; 2466; 2637; 2969; 1997; 1516; 1517; 1508; 1181
65; 2023/10/11; 01:06:58; 1514; 2322; 1650; 2465; 2637; 2969; 1997; 1516; 1516; 1508; 1181
66; 2023/10/11; 01:07:59; 1515; 2323; 1649; 2465; 2637; 2969; 1997; 1516; 1516; 1509; 1182
67; 2023/10/11; 01:09:00; 1514; 2324; 1651; 2465; 2636; 2969; 1997; 1516; 1517; 1508; 1181
68; 2023/10/11; 01:10:01; 1515; 2324; 1650; 2465; 2636; 2968; 1997; 1516; 1516; 1508; 1181
69; 2023/10/11; 01:11:02; 1515; 2322; 1650; 2465; 2635; 2969; 1997; 1516; 1517; 1509; 1181
70; 2023/10/11; 01:12:03; 1515; 2323; 1650; 2465; 2635; 2968; 1997; 1516; 1517; 1508; 1181
71; 2023/10/11; 01:13:04; 1515; 2324; 1650; 2465; 2636; 2969; 1997; 1516; 1516; 1508; 1181
72; 2023/10/11; 01:14:05; 1516; 2323; 1650; 2465; 2636; 2969; 1997; 1516; 1516; 1509; 1181
73; 2023/10/11; 01:15:06; 1517; 2324; 1651; 2466; 2638; 2969; 1997; 1516; 1518; 1508; 1181
74; 2023/10/11; 01:16:07; 1516; 2322; 1651; 2466; 2637; 2969; 1997; 1515; 1517; 1509; 1182
75; 2023/10/11; 01:17:08; 1515; 2322; 1650; 2466; 2636; 2970; 1997; 1516; 1517; 1509; 1181
76; 2023/10/11; 01:18:09; 1516; 2324; 1650; 2465; 2637; 2969; 1997; 1516; 1517; 1509; 1181
77; 2023/10/11; 01:19:10; 1514; 2323; 1651; 2465; 2636; 2969; 1997; 1516; 1516; 1509; 1181
78; 2023/10/11; 01:20:11; 1517; 2325; 1650; 2465; 2637; 2970; 1997; 1516; 1517; 1509; 1181
79; 2023/10/11; 01:21:12; 1515; 2323; 1649; 2465; 2636; 2969; 1997; 1516; 1518; 1508; 1181
80; 2023/10/11; 01:22:13; 1516; 2323; 1651; 2466; 2637; 2970; 1997; 1516; 1517; 1509; 1181
81; 2023/10/11; 01:23:14; 1515; 2323; 1651; 2465; 2636; 2969; 1997; 1517; 1517; 1508; 1181
82; 2023/10/11; 01:24:15; 1515; 2322; 1650; 2465; 2636; 2968; 1997; 1517; 1518; 1508; 1181
83; 2023/10/11; 01:25:16; 1515; 2322; 1651; 2465; 2636; 2969; 1997; 1517; 1517; 1509; 1182
84; 2023/10/11; 01:26:17; 1516; 2324; 1652; 2466; 2636; 2970; 1997; 1517; 1517; 1509; 1181
85; 2023/10/11; 01:27:18; 1515; 2324; 1650; 2465; 2636; 2969; 1997; 1515; 1517; 1509; 1181
86; 2023/10/11; 01:28:19; 1517; 2324; 1651; 2465; 2637; 2970; 1997; 1517; 1517; 1509; 1181
87; 2023/10/11; 01:29:20; 1516; 2323; 1651; 2465; 2636; 2970; 1997; 1517; 1518; 1509; 1181
88; 2023/10/11; 01:30:21; 1516; 2323; 1650; 2465; 2637; 2969; 1997; 1517; 1517; 1509; 1181
89; 2023/10/11; 01:31:22; 1516; 2324; 1651; 2465; 2637; 2969; 1997; 1517; 1517; 1509; 1181
90; 2023/10/11; 01:32:23; 1516; 2323; 1650; 2465; 2636; 2968; 1997; 1517; 1518; 1509; 1181
91; 2023/10/11; 01:33:24; 1516; 2325; 1650; 2466; 2637; 2969; 1997; 1516; 1518; 1509; 1181
92; 2023/10/11; 01:34:25; 1515; 2323; 1649; 2464; 2636; 2969; 1997; 1516; 1517; 1509; 1181
93; 2023/10/11; 01:35:26; 1516; 2322; 1651; 2464; 2634; 2969; 1997; 1517; 1517; 1510; 1181
94; 2023/10/11; 01:36:27; 1517; 2324; 1650; 2466; 2637; 2969; 1997; 1517; 1517; 1510; 1182
95; 2023/10/11; 01:37:28; 1516; 2323; 1651; 2465; 2636; 2968; 1997; 1517; 1516; 1510; 1181
96; 2023/10/11; 01:38:29; 1515; 2322; 1651; 2466; 2636; 2970; 1997; 1517; 1518; 1510; 1181
97; 2023/10/11; 01:39:30; 1516; 2325; 1649; 2466; 2639; 2969; 1997; 1517; 1518; 1510; 1181
98; 2023/10/11; 01:40:31; 1516; 2323; 1650; 2465; 2636; 2969; 1997; 1518; 1517; 1509; 1181
99; 2023/10/11; 01:41:32; 1516; 2323; 1651; 2465; 2636; 2968; 1997; 1517; 1518; 1510; 1182
100; 2023/10/11; 01:42:33; 1515; 2325; 1649; 2465; 2636; 2968; 1997; 1517; 1517; 1510; 1182
101; 2023/10/11; 01:43:34; 1516; 2322; 1649; 2466; 2636; 2969; 1997; 1518; 1518; 1510; 1182
102; 2023/10/11; 01:44:35; 1515; 2324; 1650; 2465; 2636; 2969; 1997; 1519; 1518; 1509; 1181
103; 2023/10/11; 01:45:36; 1515; 2321; 1651; 2465; 2636; 2969; 1997; 1517; 1518; 1509; 1181
104; 2023/10/11; 01:46:37; 1516; 2322; 1651; 2466; 2635; 2969; 1997; 1517; 1519; 1510; 1181
105; 2023/10/11; 01:47:38; 1515; 2323; 1650; 2465; 2637; 2969; 1997; 1518; 1518; 1510; 1182
106; 2023/10/11; 01:48:39; 1515; 2323; 1650; 2465; 2636; 2970; 1997; 1517; 1518; 1510; 1181
107; 2023/10/11; 01:49:40; 1516; 2322; 1650; 2465; 2636; 2968; 1997; 1517; 1518; 1510; 1182
108; 2023/10/11; 01:50:41; 1514; 2323; 1650; 2465; 2637; 2968; 1997; 1519; 1518; 1510; 1181
109; 2023/10/11; 01:51:42; 1515; 2323; 1650; 2466; 2636; 2970; 1997; 1518; 1518; 1510; 1181
110; 2023/10/11; 01:52:43; 1516; 2323; 1650; 2465; 2635; 2969; 1997; 1517; 1518; 1511; 1182
111; 2023/10/11; 01:53:44; 1515; 2325; 1650; 2466; 2637; 2970; 1997; 1519; 1518; 1510; 1181
112; 2023/10/11; 01:54:45; 1515; 2324; 1649; 2465; 2636; 2969; 1997; 1517; 1519; 1510; 1182
113; 2023/10/11; 01:55:46; 1516; 2323; 1650; 2466; 2635; 2969; 1997; 1518; 1518; 1511; 1181
114; 2023/10/11; 01:56:47; 1515; 2322; 1651; 2465; 2636; 2968; 1997; 1519; 1518; 1511; 1181
115; 2023/10/11; 01:57:48; 1516; 2322; 1649; 2466; 2637; 2969; 1997; 1518; 1519; 1511; 1182
116; 2023/10/11; 01:58:49; 1516; 2323; 1650; 2466; 2636; 2968; 1997; 1519; 1519; 1511; 1181
117; 2023/10/11; 01:59:50; 1516; 2325; 1650; 2466; 2636; 2969; 1997; 1518; 1519; 1511; 1181
118; 2023/10/11; 02:00:51; 1516; 2323; 1650; 2465; 2636; 2968; 1997; 1519; 1519; 1511; 1181
119; 2023/10/11; 02:01:52; 1515; 2323; 1651; 2465; 2635; 2969; 1997; 1519; 1519; 1511; 1181
120; 2023/10/11; 02:02:53; 1516; 2324; 1650; 2466; 2636; 2969; 1997; 1519; 1519; 1511; 1181
121; 2023/10/11; 02:03:54; 1516; 2324; 1650; 2466; 2636; 2969; 1997; 1519; 1519; 1511; 1181
122; 2023/10/11; 02:04:55; 1515; 2323; 1649; 2465; 2636; 2969; 1997; 1519; 1520; 1511; 1181
123; 2023/10/11; 02:05:56; 1515; 2322; 1650; 2466; 2635; 2969; 1997; 1519; 1518; 1511; 1181
124; 2023/10/11; 02:06:57; 1515; 2322; 1651; 2465; 2636; 2969; 1997; 1520; 1519; 1512; 1181
125; 2023/10/11; 02:07:58; 1514; 2322; 1650; 2466; 2635; 2969; 1997; 1519; 1520; 1511; 1181
126; 2023/10/11; 02:08:59; 1516; 2324; 1650; 2465; 2637; 2969; 1997; 1520; 1519; 1512; 1181
127; 2023/10/11; 02:10:00; 1515; 2324; 1650; 2466; 2637; 2969; 1997; 1519; 1519; 1512; 1182
128; 2023/10/11; 02:11:01; 1515; 2321; 1649; 2465; 2636; 2969; 1997; 1520; 1519; 1512; 1181
129; 2023/10/11; 02:12:02; 1517; 2324; 1650; 2466; 2635; 2968; 1997; 1520; 1519; 1511; 1181
130; 2023/10/11; 02:13:03; 1515; 2323; 1650; 2464; 2635; 2968; 1997; 1519; 1519; 1512; 1181
131; 2023/10/11; 02:14:04; 1515; 2324; 1649; 2465; 2636; 2969; 1997; 1520; 1519; 1512; 1181
132; 2023/10/11; 02:15:05; 1515; 2323; 1649; 2466; 2636; 2969; 1997; 1520; 1520; 1512; 1181
133; 2023/10/11; 02:16:06; 1514; 2322; 1650; 2466; 2635; 2969; 1997; 1521; 1520; 1512; 1181
134; 2023/10/11; 02:17:07; 1517; 2324; 1650; 2466; 2637; 2969; 1997; 1519; 1519; 1512; 1181
135; 2023/10/11; 02:18:08; 1515; 2322; 1650; 2465; 2636; 2968; 1997; 1520; 1520; 1512; 1181
136; 2023/10/11; 02:19:09; 1516; 2322; 1651; 2465; 2636; 2968; 1997; 1520; 1520; 1512; 1181
137; 2023/10/11; 02:20:10; 1515; 2323; 1649; 2466; 2637; 2969; 1997; 1520; 1520; 1513; 1181
138; 2023/10/11; 02:21:11; 1515; 2323; 1651; 2465; 2636; 2969; 1997; 1521; 1520; 1512; 1181
139; 2023/10/11; 02:22:12; 1515; 2323; 1650; 2465; 2635; 2969; 1997; 1520; 1520; 1512; 1181
140; 2023/10/11; 02:23:13; 1515; 2324; 1650; 2465; 2636; 2968; 1997; 1521; 1522; 1513; 1182
141; 2023/10/11; 02:24:14; 1515; 2323; 1651; 2465; 2637; 2968; 1997; 1521; 1520; 1512; 1181
142; 2023/10/11; 02:25:15; 1516; 2323; 1650; 2465; 2635; 2969; 1997; 1519; 1520; 1512; 1181
143; 2023/10/11; 02:26:16; 1516; 2323; 1651; 2466; 2637; 2970; 1997; 1520; 1521; 1513; 1182
144; 2023/10/11; 02:27:17; 1516; 2323; 1650; 2466; 2638; 2969; 1997; 1521; 1521; 1512; 1181
145; 2023/10/11; 02:28:18; 1516; 2323; 1649; 2466; 2635; 2969; 1997; 1521; 1520; 1512; 1181
146; 2023/10/11; 02:29:19; 1516; 2323; 1650; 2465; 2636; 2969; 1997; 1521; 1521; 1513; 1181
147; 2023/10/11; 02:30:20; 1517; 2324; 1650; 2465; 2637; 2969; 1997; 1520; 1521; 1513; 1181
148; 2023/10/11; 02:31:21; 1515; 2323; 1651; 2466; 2635; 2968; 1997; 1521; 1520; 1513; 1182
149; 2023/10/11; 02:32:22; 1517; 2324; 1650; 2466; 2637; 2968; 1997; 1520; 1521; 1513; 1181
150; 2023/10/11; 02:33:23; 1515; 2324; 1651; 2465; 2636; 2968; 1997; 1519; 1521; 1513; 1181
151; 2023/10/11; 02:34:24; 1516; 2323; 1649; 2465; 2636; 2968; 1997; 1520; 1521; 1512; 1181
152; 2023/10/11; 02:35:25; 1515; 2324; 1650; 2464; 2637; 2969; 1997; 1521; 1521; 1513; 1181
153; 2023/10/11; 02:36:26; 1517; 2324; 1651; 2466; 2636; 2969; 1997; 1521; 1521; 1513; 1181
154; 2023/10/11; 02:37:27; 1517; 2323; 1650; 2466; 2636; 2968; 1997; 1520; 1521; 1512; 1181
155; 2023/10/11; 02:38:28; 1517; 2324; 1649; 2467; 2636; 2969; 1997; 1521; 1522; 1513; 1181
156; 2023/10/11; 02:39:29; 1515; 2324; 1650; 2465; 2637; 2970; 1997; 1521; 1521; 1513; 1181
157; 2023/10/11; 02:40:30; 1515; 2323; 1651; 2466; 2636; 2969; 1997; 1520; 1522; 1513; 1181
158; 2023/10/11; 02:41:31; 1515; 2323; 1649; 2466; 2637; 2970; 1997; 1521; 1522; 1513; 1181
159; 2023/10/11; 02:42:32; 1515; 2322; 1651; 2465; 2635; 2968; 1997; 1520; 1521; 1513; 1181
160; 2023/10/11; 02:43:33; 1516; 2324; 1652; 2465; 2636; 2969; 1997; 1521; 1521; 1513; 1181
161; 2023/10/11; 02:44:34; 1516; 2323; 1650; 2466; 2637; 2969; 1997; 1521; 1521; 1513; 1182
162; 2023/10/11; 02:45:35; 1514; 2323; 1651; 2466; 2636; 2970; 1997; 1521; 1522; 1513; 1181
163; 2023/10/11; 02:46:36; 1516; 2323; 1650; 2466; 2636; 2969; 1997; 1520; 1521; 1513; 1181
164; 2023/10/11; 02:47:37; 1515; 2324; 1651; 2465; 2637; 2969; 1997; 1520; 1521; 1513; 1181
165; 2023/10/11; 02:48:38; 1515; 2323; 1651; 2465; 2636; 2969; 1997; 1521; 1520; 1513; 1182
166; 2023/10/11; 02:49:39; 1516; 2323; 1649; 2465; 2635; 2969; 1997; 1521; 1521; 1513; 1181
167; 2023/10/11; 02:50:40; 1515; 2324; 1650; 2465; 2637; 2970; 1997; 1521; 1522; 1514; 1181
168; 2023/10/11; 02:51:41; 1515; 2322; 1650; 2465; 2636; 2968; 1997; 1521; 1521; 1513; 1181
169; 2023/10/11; 02:52:42; 1516; 2323; 1652; 2465; 2636; 2967; 1997; 1521; 1521; 1514; 1181
170; 2023/10/11; 02:53:43; 1516; 2323; 1648; 2467; 2636; 2969; 1997; 1521; 1521; 1513; 1181
171; 2023/10/11; 02:54:44; 1515; 2322; 1650; 2465; 2636; 2969; 1997; 1522; 1522; 1514; 1181
172; 2023/10/11; 02:55:46; 1515; 2323; 1649; 2465; 2635; 2968; 1997; 1521; 1522; 1514; 1181
173; 2023/10/11; 02:56:47; 1515; 2321; 1649; 2465; 2636; 2968; 1997; 1521; 1521; 1513; 1181
174; 2023/10/11; 02:57:48; 1516; 2323; 1649; 2465; 2636; 2969; 1997; 1521; 1521; 1513; 1181
175; 2023/10/11; 02:58:49; 1516; 2324; 1650; 2465; 2636; 2969; 1997; 1521; 1522; 1514; 1181
176; 2023/10/11; 02:59:50; 1516; 2324; 1650; 2465; 2636; 2969; 1997; 1521; 1522; 1514; 1181
177; 2023/10/11; 03:00:51; 1516; 2323; 1650; 2465; 2635; 2968; 1997; 1522; 1522; 1513; 1181
178; 2023/10/11; 03:01:52; 1515; 2323; 1650; 2466; 2635; 2969; 1997; 1521; 1522; 1514; 1181
179; 2023/10/11; 03:02:53; 1517; 2324; 1650; 2466; 2637; 2968; 1997; 1521; 1522; 1514; 1181
180; 2023/10/11; 03:03:54; 1516; 2323; 1649; 2465; 2636; 2968; 1997; 1522; 1522; 1514; 1181
181; 2023/10/11; 03:04:55; 1514; 2324; 1652; 2465; 2636; 2968; 1997; 1522; 1522; 1514; 1181
182; 2023/10/11; 03:05:56; 1515; 2323; 1650; 2466; 2637; 2969; 1997; 1522; 1523; 1515; 1181
183; 2023/10/11; 03:06:57; 1516; 2323; 1649; 2466; 2637; 2969; 1997; 1521; 1523; 1514; 1181
184; 2023/10/11; 03:07:58; 1516; 2323; 1649; 2466; 2636; 2968; 1997; 1522; 1522; 1514; 1181
185; 2023/10/11; 03:08:59; 1515; 2322; 1650; 2465; 2636; 2970; 1997; 1522; 1523; 1514; 1181
186; 2023/10/11; 03:10:00; 1514; 2322; 1649; 2465; 2636; 2969; 1997; 1522; 1523; 1514; 1181
187; 2023/10/11; 03:11:01; 1517; 2324; 1650; 2465; 2636; 2969; 1997; 1522; 1523; 1514; 1181
188; 2023/10/11; 03:12:02; 1515; 2323; 1650; 2465; 2636; 2968; 1997; 1523; 1523; 1514; 1181
189; 2023/10/11; 03:13:03; 1517; 2323; 1650; 2465; 2636; 2969; 1997; 1522; 1523; 1514; 1182
190; 2023/10/11; 03:14:04; 1516; 2323; 1651; 2466; 2636; 2969; 1997; 1522; 1523; 1515; 1181
191; 2023/10/11; 03:15:05; 1516; 2323; 1649; 2466; 2635; 2969; 1997; 1522; 1523; 1515; 1181
192; 2023/10/11; 03:16:06; 1516; 2324; 1650; 2469; 2636; 2968; 1997; 1522; 1523; 1514; 1181
193; 2023/10/11; 03:17:07; 1518; 2323; 1651; 2466; 2635; 2969; 1997; 1521; 1523; 1515; 1181
194; 2023/10/11; 03:18:08; 1514; 2323; 1650; 2465; 2635; 2968; 1997; 1523; 1523; 1515; 1181
195; 2023/10/11; 03:19:09; 1516; 2323; 1649; 2466; 2635; 2968; 1997; 1522; 1523; 1515; 1181
196; 2023/10/11; 03:20:10; 1516; 2324; 1650; 2465; 2636; 2968; 1997; 1522; 1523; 1515; 1181
197; 2023/10/11; 03:21:11; 1515; 2323; 1650; 2465; 2635; 2969; 1997; 1523; 1523; 1515; 1181
198; 2023/10/11; 03:22:12; 1515; 2323; 1651; 2465; 2637; 2969; 1997; 1523; 1524; 1515; 1181
199; 2023/10/11; 03:23:13; 1515; 2322; 1650; 2465; 2637; 2968; 1997; 1523; 1523; 1515; 1181
200; 2023/10/11; 03:24:14; 1515; 2324; 1650; 2466; 2636; 2968; 1997; 1523; 1523; 1515; 1181
201; 2023/10/11; 03:25:15; 1515; 2322; 1649; 2466; 2636; 2968; 1997; 1522; 1524; 1515; 1182
202; 2023/10/11; 03:26:16; 1514; 2324; 1650; 2465; 2637; 2968; 1997; 1524; 1523; 1516; 1181
203; 2023/10/11; 03:27:17; 1515; 2323; 1651; 2466; 2635; 2967; 1997; 1523; 1523; 1516; 1182
204; 2023/10/11; 03:28:18; 1510; 2323; 1649; 2465; 2636; 2969; 1997; 1523; 1523; 1515; 1181
205; 2023/10/11; 03:29:19; 1515; 2323; 1650; 2465; 2635; 2968; 1997; 1524; 1523; 1516; 1181
206; 2023/10/11; 03:30:20; 1515; 2322; 1649; 2465; 2637; 2969; 1997; 1523; 1523; 1516; 1181
207; 2023/10/11; 03:31:21; 1516; 2323; 1650; 2466; 2637; 2968; 1997; 1524; 1524; 1516; 1181
208; 2023/10/11; 03:32:22; 1516; 2323; 1650; 2465; 2635; 2968; 1997; 1523; 1524; 1516; 1181
209; 2023/10/11; 03:33:23; 1516; 2324; 1650; 2466; 2636; 2968; 1997; 1523; 1523; 1515; 1182
210; 2023/10/11; 03:34:24; 1516; 2323; 1650; 2465; 2636; 2969; 1997; 1524; 1523; 1516; 1182
211; 2023/10/11; 03:35:25; 1516; 2324; 1650; 2465; 2636; 2968; 1997; 1524; 1523; 1516; 1181
212; 2023/10/11; 03:36:26; 1515; 2323; 1651; 2466; 2636; 2968; 1997; 1524; 1524; 1516; 1181
213; 2023/10/11; 03:37:27; 1515; 2323; 1651; 2465; 2635; 2967; 1997; 1523; 1524; 1516; 1181
214; 2023/10/11; 03:38:28; 1516; 2324; 1650; 2466; 2637; 2968; 1997; 1525; 1524; 1516; 1181
215; 2023/10/11; 03:39:29; 1515; 2323; 1650; 2465; 2635; 2968; 1997; 1524; 1524; 1516; 1182
216; 2023/10/11; 03:40:30; 1515; 2322; 1650; 2465; 2636; 2968; 1997; 1525; 1524; 1517; 1181
217; 2023/10/11; 03:41:31; 1515; 2323; 1650; 2465; 2636; 2969; 1997; 1525; 1524; 1517; 1181
218; 2023/10/11; 03:42:32; 1516; 2322; 1650; 2465; 2635; 2968; 1997; 1525; 1525; 1517; 1181
219; 2023/10/11; 03:43:33; 1516; 2323; 1650; 2465; 2637; 2967; 1997; 1525; 1525; 1517; 1182
220; 2023/10/11; 03:44:34; 1515; 2322; 1650; 2465; 2636; 2968; 1997; 1524; 1524; 1517; 1181
221; 2023/10/11; 03:45:35; 1515; 2323; 1650; 2465; 2635; 2968; 1997; 1526; 1525; 1517; 1181
222; 2023/10/11; 03:46:36; 1515; 2324; 1651; 2465; 2636; 2968; 1997; 1525; 1524; 1517; 1182
223; 2023/10/11; 03:47:37; 1515; 2322; 1649; 2464; 2636; 2968; 1997; 1525; 1526; 1517; 1182
224; 2023/10/11; 03:48:38; 1515; 2324; 1650; 2466; 2635; 2969; 1997; 1525; 1524; 1517; 1181
225; 2023/10/11; 03:49:39; 1515; 2323; 1650; 2466; 2636; 2969; 1997; 1525; 1525; 1517; 1181
226; 2023/10/11; 03:50:40; 1515; 2322; 1649; 2465; 2635; 2966; 1997; 1525; 1525; 1517; 1181
227; 2023/10/11; 03:51:41; 1514; 2322; 1650; 2465; 2636; 2968; 1997; 1525; 1525; 1517; 1181
228; 2023/10/11; 03:52:42; 1516; 2322; 1649; 2466; 2636; 2968; 1997; 1525; 1525; 1517; 1181
229; 2023/10/11; 03:53:43; 1516; 2323; 1651; 2465; 2635; 2968; 1997; 1525; 1525; 1517; 1181
230; 2023/10/11; 03:54:44; 1515; 2323; 1650; 2465; 2635; 2968; 1998; 1525; 1525; 1516; 1181
231; 2023/10/11; 03:55:45; 1515; 2322; 1649; 2465; 2637; 2968; 1997; 1525; 1525; 1517; 1181
232; 2023/10/11; 03:56:46; 1517; 2324; 1650; 2466; 2635; 2968; 1997; 1525; 1525; 1518; 1181
233; 2023/10/11; 03:57:47; 1516; 2323; 1651; 2465; 2637; 2969; 1997; 1524; 1525; 1517; 1181
234; 2023/10/11; 03:58:48; 1515; 2322; 1651; 2466; 2635; 2966; 1997; 1525; 1526; 1518; 1181
235; 2023/10/11; 03:59:49; 1514; 2322; 1650; 2466; 2635; 2968; 1997; 1525; 1525; 1518; 1181
236; 2023/10/11; 04:00:50; 1515; 2324; 1649; 2466; 2635; 2968; 1997; 1525; 1525; 1517; 1181
237; 2023/10/11; 04:01:51; 1516; 2323; 1650; 2465; 2635; 2969; 1997; 1525; 1525; 1517; 1181
238; 2023/10/11; 04:02:52; 1515; 2322; 1650; 2466; 2634; 2968; 1997; 1525; 1526; 1518; 1182
239; 2023/10/11; 04:03:53; 1516; 2323; 1651; 2465; 2635; 2967; 1997; 1525; 1526; 1517; 1181
240; 2023/10/11; 04:04:54; 1515; 2323; 1649; 2465; 2635; 2968; 1997; 1525; 1525; 1517; 1182
241; 2023/10/11; 04:05:55; 1515; 2324; 1650; 2465; 2635; 2969; 1997; 1525; 1526; 1518; 1181
242; 2023/10/11; 04:06:56; 1514; 2322; 1650; 2465; 2635; 2968; 1997; 1525; 1525; 1517; 1182
243; 2023/10/11; 04:07:57; 1517; 2322; 1650; 2466; 2636; 2969; 1997; 1525; 1525; 1518; 1181
244; 2023/10/11; 04:08:58; 1516; 2325; 1651; 2466; 2635; 2969; 1997; 1525; 1526; 1517; 1181
245; 2023/10/11; 04:09:59; 1517; 2324; 1650; 2466; 2636; 2968; 1997; 1526; 1526; 1518; 1181
246; 2023/10/11; 04:11:00; 1515; 2322; 1650; 2465; 2635; 2967; 1997; 1526; 1526; 1518; 1181
247; 2023/10/11; 04:12:01; 1515; 2323; 1650; 2465; 2635; 2967; 1997; 1525; 1526; 1518; 1181
248; 2023/10/11; 04:13:02; 1515; 2323; 1650; 2465; 2634; 2968; 1997; 1526; 1525; 1518; 1182
249; 2023/10/11; 04:14:03; 1516; 2323; 1651; 2465; 2637; 2968; 1997; 1525; 1526; 1518; 1181
250; 2023/10/11; 04:15:04; 1515; 2325; 1650; 2466; 2635; 2968; 1997; 1526; 1526; 1517; 1181
251; 2023/10/11; 04:16:05; 1516; 2323; 1649; 2465; 2635; 2968; 1997; 1526; 1526; 1518; 1182
252; 2023/10/11; 04:17:06; 1515; 2323; 1650; 2465; 2636; 2968; 1997; 1525; 1526; 1518; 1182
253; 2023/10/11; 04:18:07; 1517; 2322; 1649; 2465; 2635; 2968; 1997; 1526; 1526; 1518; 1181
254; 2023/10/11; 04:19:08; 1515; 2323; 1649; 2465; 2635; 2968; 1997; 1525; 1526; 1518; 1181
255; 2023/10/11; 04:20:09; 1515; 2322; 1650; 2466; 2635; 2968; 1997; 1525; 1526; 1518; 1182
256; 2023/10/11; 04:21:10; 1514; 2324; 1650; 2466; 2636; 2968; 1997; 1525; 1526; 1518; 1182
257; 2023/10/11; 04:22:11; 1516; 2323; 1650; 2466; 2635; 2968; 1997; 1525; 1526; 1518; 1181
258; 2023/10/11; 04:23:12; 1515; 2323; 1651; 2465; 2636; 2968; 1997; 1525; 1527; 1518; 1181
259; 2023/10/11; 04:24:13; 1516; 2323; 1650; 2466; 2636; 2969; 1997; 1525; 1528; 1518; 1181
260; 2023/10/11; 04:25:14; 1516; 2323; 1649; 2466; 2636; 2969; 1997; 1526; 1525; 1518; 1181
261; 2023/10/11; 04:26:15; 1516; 2322; 1651; 2465; 2635; 2967; 1997; 1525; 1527; 1518; 1182
262; 2023/10/11; 04:27:16; 1516; 2323; 1649; 2466; 2635; 2967; 1997; 1526; 1526; 1518; 1182
263; 2023/10/11; 04:28:17; 1514; 2323; 1650; 2465; 2635; 2968; 1997; 1526; 1527; 1518; 1182
264; 2023/10/11; 04:29:18; 1515; 2322; 1649; 2464; 2635; 2968; 1997; 1526; 1527; 1518; 1181
265; 2023/10/11; 04:30:19; 1515; 2324; 1650; 2466; 2636; 2968; 1997; 1526; 1526; 1518; 1181
266; 2023/10/11; 04:31:20; 1515; 2323; 1650; 2465; 2636; 2968; 1997; 1525; 1527; 1518; 1181
267; 2023/10/11; 04:32:21; 1518; 2323; 1650; 2466; 2635; 2968; 1997; 1526; 1527; 1518; 1181
268; 2023/10/11; 04:33:22; 1515; 2323; 1650; 2466; 2635; 2968; 1997; 1526; 1527; 1518; 1181
269; 2023/10/11; 04:34:23; 1515; 2322; 1650; 2466; 2634; 2968; 1997; 1526; 1526; 1519; 1181
270; 2023/10/11; 04:35:24; 1516; 2324; 1649; 2465; 2637; 2969; 1997; 1525; 1527; 1518; 1181
271; 2023/10/11; 04:36:25; 1515; 2322; 1650; 2465; 2636; 2969; 1997; 1527; 1527; 1518; 1181
272; 2023/10/11; 04:37:26; 1516; 2324; 1649; 2465; 2635; 2968; 1997; 1526; 1526; 1519; 1181
273; 2023/10/11; 04:38:27; 1515; 2323; 1651; 2465; 2635; 2968; 1997; 1527; 1526; 1518; 1181
274; 2023/10/11; 04:39:28; 1515; 2322; 1649; 2464; 2635; 2965; 1997; 1526; 1526; 1519; 1181
275; 2023/10/11; 04:40:29; 1514; 2323; 1650; 2465; 2635; 2967; 1997; 1527; 1527; 1519; 1182
276; 2023/10/11; 04:41:30; 1515; 2323; 1650; 2465; 2635; 2967; 1997; 1526; 1527; 1519; 1181
277; 2023/10/11; 04:42:31; 1515; 2323; 1650; 2465; 2636; 2968; 1997; 1526; 1527; 1518; 1181
278; 2023/10/11; 04:43:32; 1516; 2323; 1650; 2466; 2635; 2967; 1997; 1526; 1527; 1520; 1181
279; 2023/10/11; 04:44:33; 1516; 2323; 1649; 2465; 2636; 2968; 1997; 1527; 1527; 1519; 1181
280; 2023/10/11; 04:45:34; 1516; 2322; 1650; 2465; 2635; 2968; 1997; 1527; 1527; 1519; 1181
281; 2023/10/11; 04:46:35; 1514; 2323; 1650; 2465; 2636; 2968; 1997; 1526; 1527; 1519; 1182
282; 2023/10/11; 04:47:36; 1516; 2324; 1650; 2466; 2635; 2968; 1997; 1528; 1527; 1519; 1182
283; 2023/10/11; 04:48:37; 1514; 2323; 1649; 2465; 2634; 2967; 1997; 1527; 1527; 1519; 1182
284; 2023/10/11; 04:49:38; 1517; 2323; 1650; 2465; 2634; 2968; 1997; 1528; 1527; 1520; 1181
285; 2023/10/11; 04:50:39; 1515; 2323; 1650; 2465; 2635; 2967; 1997; 1527; 1527; 1520; 1181
286; 2023/10/11; 04:51:40; 1517; 2323; 1650; 2466; 2636; 2968; 1997; 1527; 1528; 1520; 1181
287; 2023/10/11; 04:52:41; 1516; 2324; 1650; 2466; 2636; 2968; 1997; 1527; 1526; 1519; 1182
288; 2023/10/11; 04:53:42; 1514; 2322; 1650; 2465; 2635; 2967; 1997; 1527; 1528; 1519; 1181
289; 2023/10/11; 04:54:43; 1515; 2324; 1650; 2465; 2635; 2968; 1997; 1527; 1528; 1519; 1181
290; 2023/10/11; 04:55:44; 1515; 2323; 1650; 2465; 2635; 2967; 1997; 1528; 1526; 1520; 1181
291; 2023/10/11; 04:56:45; 1516; 2323; 1650; 2466; 2637; 2968; 1997; 1528; 1528; 1520; 1181
292; 2023/10/11; 04:57:46; 1515; 2322; 1650; 2464; 2636; 2968; 1997; 1528; 1527; 1520; 1182
293; 2023/10/11; 04:58:47; 1515; 2323; 1650; 2465; 2636; 2968; 1997; 1528; 1528; 1520; 1182
294; 2023/10/11; 04:59:48; 1515; 2322; 1650; 2465; 2635; 2967; 1997; 1528; 1529; 1520; 1182
295; 2023/10/11; 05:00:49; 1515; 2323; 1650; 2465; 2635; 2967; 1997; 1528; 1528; 1520; 1181
296; 2023/10/11; 05:01:50; 1515; 2323; 1650; 2466; 2636; 2967; 1997; 1528; 1528; 1520; 1181
297; 2023/10/11; 05:02:51; 1516; 2324; 1649; 2465; 2636; 2967; 1997; 1528; 1529; 1520; 1182
298; 2023/10/11; 05:03:52; 1514; 2323; 1651; 2465; 2635; 2967; 1997; 1528; 1528; 1520; 1182
299; 2023/10/11; 05:04:53; 1516; 2323; 1650; 2465; 2634; 2967; 1997; 1528; 1528; 1520; 1182
300; 2023/10/11; 05:05:54; 1515; 2321; 1650; 2465; 2635; 2967; 1997; 1528; 1529; 1520; 1181
301; 2023/10/11; 05:06:55; 1514; 2323; 1651; 2465; 2634; 2967; 1997; 1528; 1528; 1520; 1181
302; 2023/10/11; 05:07:56; 1516; 2323; 1650; 2465; 2636; 2968; 1997; 1529; 1528; 1521; 1182
303; 2023/10/11; 05:08:57; 1515; 2322; 1650; 2464; 2635; 2968; 1997; 1528; 1529; 1520; 1181
304; 2023/10/11; 05:09:58; 1515; 2322; 1650; 2465; 2635; 2968; 1997; 1529; 1528; 1520; 1182
305; 2023/10/11; 05:10:59; 1515; 2323; 1650; 2465; 2629; 2968; 1997; 1528; 1529; 1521; 1181
306; 2023/10/11; 05:12:00; 1515; 2323; 1650; 2466; 2636; 2967; 1997; 1529; 1529; 1521; 1181
307; 2023/10/11; 05:13:01; 1514; 2322; 1650; 2465; 2635; 2967; 1997; 1528; 1529; 1521; 1181
308; 2023/10/11; 05:14:02; 1514; 2322; 1649; 2465; 2635; 2967; 1997; 1528; 1529; 1521; 1181
309; 2023/10/11; 05:15:03; 1516; 2324; 1651; 2465; 2635; 2967; 1997; 1528; 1530; 1520; 1182
310; 2023/10/11; 05:16:04; 1515; 2324; 1649; 2465; 2635; 2968; 1997; 1529; 1529; 1521; 1181
311; 2023/10/11; 05:17:05; 1516; 2323; 1651; 2465; 2635; 2968; 1997; 1529; 1529; 1521; 1181
312; 2023/10/11; 05:18:06; 1515; 2324; 1649; 2465; 2635; 2968; 1997; 1529; 1530; 1521; 1181
313; 2023/10/11; 05:19:07; 1517; 2322; 1649; 2464; 2635; 2969; 1997; 1529; 1529; 1521; 1182
314; 2023/10/11; 05:20:08; 1516; 2323; 1650; 2465; 2635; 2968; 1997; 1530; 1529; 1521; 1181
315; 2023/10/11; 05:21:09; 1516; 2323; 1648; 2465; 2634; 2967; 1997; 1528; 1529; 1521; 1182
316; 2023/10/11; 05:22:10; 1515; 2322; 1650; 2465; 2633; 2968; 1997; 1529; 1530; 1521; 1181
317; 2023/10/11; 05:23:11; 1515; 2324; 1651; 2465; 2635; 2968; 1997; 1529; 1529; 1521; 1181
318; 2023/10/11; 05:24:12; 1515; 2322; 1650; 2465; 2635; 2967; 1997; 1529; 1530; 1521; 1182
319; 2023/10/11; 05:25:13; 1515; 2324; 1650; 2465; 2635; 2967; 1997; 1529; 1529; 1522; 1182
320; 2023/10/11; 05:26:14; 1515; 2322; 1650; 2465; 2634; 2965; 1997; 1530; 1529; 1522; 1181
321; 2023/10/11; 05:27:15; 1514; 2323; 1650; 2466; 2635; 2968; 1997; 1528; 1529; 1521; 1182
322; 2023/10/11; 05:28:16; 1514; 2320; 1650; 2466; 2635; 2967; 1997; 1530; 1529; 1521; 1181
323; 2023/10/11; 05:29:17; 1515; 2322; 1650; 2465; 2635; 2967; 1997; 1530; 1530; 1521; 1181
324; 2023/10/11; 05:30:18; 1516; 2323; 1650; 2465; 2634; 2967; 1997; 1528; 1531; 1521; 1181
325; 2023/10/11; 05:31:19; 1516; 2323; 1650; 2466; 2636; 2968; 1997; 1529; 1529; 1521; 1182
326; 2023/10/11; 05:32:20; 1515; 2321; 1650; 2465; 2635; 2968; 1997; 1530; 1530; 1522; 1181
327; 2023/10/11; 05:33:21; 1514; 2322; 1650; 2465; 2635; 2967; 1997; 1529; 1530; 1521; 1181
328; 2023/10/11; 05:34:22; 1516; 2324; 1649; 2466; 2635; 2968; 1997; 1529; 1529; 1522; 1181
329; 2023/10/11; 05:35:23; 1515; 2322; 1650; 2465; 2635; 2967; 1997; 1529; 1530; 1522; 1181
330; 2023/10/11; 05:36:24; 1516; 2323; 1649; 2464; 2634; 2967; 1997; 1529; 1530; 1522; 1181
331; 2023/10/11; 05:37:25; 1515; 2323; 1651; 2465; 2634; 2969; 1997; 1529; 1529; 1521; 1181
332; 2023/10/11; 05:38:26; 1514; 2322; 1651; 2465; 2635; 2967; 1997; 1529; 1530; 1522; 1181
333; 2023/10/11; 05:39:27; 1515; 2322; 1650; 2465; 2634; 2968; 1997; 1528; 1530; 1521; 1181
334; 2023/10/11; 05:40:28; 1515; 2323; 1650; 2465; 2634; 2967; 1997; 1529; 1530; 1522; 1181
335; 2023/10/11; 05:41:29; 1515; 2325; 1650; 2466; 2635; 2968; 1997; 1529; 1530; 1521; 1181
336; 2023/10/11; 05:42:30; 1516; 2323; 1651; 2466; 2635; 2968; 1997; 1530; 1530; 1522; 1181
337; 2023/10/11; 05:43:31; 1516; 2324; 1651; 2466; 2635; 2970; 1997; 1529; 1531; 1522; 1181
338; 2023/10/11; 05:44:32; 1515; 2322; 1651; 2465; 2635; 2967; 1997; 1529; 1530; 1522; 1181
339; 2023/10/11; 05:45:33; 1515; 2322; 1649; 2466; 2634; 2966; 1997; 1529; 1530; 1521; 1182
340; 2023/10/11; 05:46:34; 1514; 2322; 1649; 2465; 2634; 2967; 1997; 1530; 1530; 1522; 1181
341; 2023/10/11; 05:47:35; 1516; 2323; 1650; 2465; 2634; 2967; 1997; 1529; 1530; 1521; 1182
342; 2023/10/11; 05:48:36; 1516; 2324; 1650; 2466; 2634; 2968; 1997; 1529; 1530; 1522; 1181
343; 2023/10/11; 05:49:37; 1516; 2323; 1650; 2465; 2635; 2968; 1997; 1530; 1530; 1522; 1181
344; 2023/10/11; 05:50:38; 1514; 2322; 1649; 2465; 2635; 2967; 1997; 1529; 1531; 1522; 1181
345; 2023/10/11; 05:51:39; 1515; 2324; 1651; 2465; 2635; 2967; 1997; 1529; 1531; 1522; 1181
346; 2023/10/11; 05:52:40; 1516; 2323; 1649; 2467; 2635; 2967; 1997; 1529; 1530; 1522; 1181
347; 2023/10/11; 05:53:41; 1515; 2323; 1650; 2464; 2635; 2967; 1997; 1529; 1531; 1522; 1181
348; 2023/10/11; 05:54:42; 1514; 2322; 1650; 2464; 2634; 2967; 1997; 1529; 1530; 1522; 1182
349; 2023/10/11; 05:55:43; 1515; 2323; 1650; 2466; 2635; 2969; 1997; 1529; 1531; 1522; 1181
350; 2023/10/11; 05:56:44; 1514; 2322; 1650; 2464; 2635; 2967; 1997; 1530; 1530; 1522; 1181
351; 2023/10/11; 05:57:45; 1515; 2322; 1649; 2465; 2634; 2967; 1997; 1530; 1531; 1522; 1181
352; 2023/10/11; 05:58:46; 1515; 2322; 1650; 2465; 2635; 2967; 1997; 1529; 1530; 1522; 1182
353; 2023/10/11; 05:59:47; 1514; 2322; 1649; 2465; 2634; 2967; 1997; 1530; 1531; 1522; 1182
354; 2023/10/11; 06:00:48; 1515; 2324; 1650; 2465; 2634; 2966; 1997; 1530; 1531; 1522; 1182
355; 2023/10/11; 06:01:49; 1515; 2321; 1650; 2465; 2634; 2968; 1997; 1528; 1531; 1522; 1181
356; 2023/10/11; 06:02:50; 1516; 2323; 1649; 2465; 2634; 2968; 1997; 1530; 1531; 1522; 1181
357; 2023/10/11; 06:03:51; 1515; 2322; 1650; 2466; 2635; 2968; 1997; 1529; 1531; 1523; 1181
358; 2023/10/11; 06:04:52; 1515; 2323; 1649; 2466; 2635; 2966; 1997; 1530; 1530; 1522; 1181
359; 2023/10/11; 06:05:53; 1516; 2324; 1650; 2466; 2635; 2968; 1997; 1530; 1531; 1522; 1181
360; 2023/10/11; 06:06:54; 1515; 2323; 1648; 2466; 2636; 2967; 1997; 1530; 1531; 1522; 1181
361; 2023/10/11; 06:07:55; 1515; 2322; 1650; 2465; 2633; 2966; 1997; 1530; 1531; 1522; 1182
362; 2023/10/11; 06:08:56; 1515; 2321; 1650; 2466; 2634; 2967; 1997; 1530; 1531; 1522; 1181
363; 2023/10/11; 06:09:57; 1515; 2323; 1650; 2466; 2635; 2967; 1997; 1530; 1531; 1522; 1181
364; 2023/10/11; 06:10:58; 1515; 2323; 1649; 2465; 2635; 2967; 1997; 1529; 1531; 1522; 1181
365; 2023/10/11; 06:11:59; 1515; 2322; 1649; 2464; 2634; 2966; 1997; 1530; 1531; 1522; 1181
366; 2023/10/11; 06:13:00; 1514; 2323; 1651; 2466; 2635; 2967; 1997; 1530; 1531; 1523; 1181
367; 2023/10/11; 06:14:01; 1515; 2322; 1649; 2465; 2634; 2966; 1997; 1530; 1531; 1522; 1181
368; 2023/10/11; 06:15:02; 1515; 2322; 1649; 2465; 2634; 2966; 1997; 1530; 1531; 1523; 1181
369; 2023/10/11; 06:16:03; 1514; 2322; 1650; 2465; 2634; 2967; 1997; 1531; 1531; 1523; 1181
370; 2023/10/11; 06:17:04; 1514; 2323; 1651; 2465; 2635; 2967; 1997; 1531; 1532; 1523; 1181
371; 2023/10/11; 06:18:05; 1516; 2323; 1650; 2466; 2634; 2967; 1997; 1531; 1531; 1522; 1181
372; 2023/10/11; 06:19:06; 1514; 2322; 1649; 2465; 2635; 2968; 1997; 1531; 1531; 1523; 1181
373; 2023/10/11; 06:20:07; 1513; 2322; 1650; 2465; 2634; 2966; 1997; 1531; 1531; 1523; 1182
374; 2023/10/11; 06:21:08; 1517; 2322; 1649; 2466; 2635; 2967; 1997; 1530; 1531; 1523; 1181
375; 2023/10/11; 06:22:09; 1515; 2323; 1650; 2465; 2635; 2968; 1997; 1531; 1532; 1523; 1182
376; 2023/10/11; 06:23:10; 1516; 2323; 1650; 2465; 2634; 2967; 1997; 1531; 1532; 1523; 1182
377; 2023/10/11; 06:24:11; 1515; 2323; 1649; 2465; 2635; 2967; 1997; 1530; 1532; 1523; 1181
378; 2023/10/11; 06:25:12; 1515; 2323; 1649; 2465; 2633; 2966; 1997; 1531; 1531; 1523; 1181
379; 2023/10/11; 06:26:13; 1515; 2323; 1650; 2465; 2634; 2966; 1997; 1531; 1532; 1523; 1182
380; 2023/10/11; 06:27:14; 1513; 2323; 1650; 2465; 2634; 2966; 1997; 1531; 1531; 1523; 1181
381; 2023/10/11; 06:28:15; 1516; 2325; 1649; 2466; 2634; 2968; 1997; 1530; 1532; 1523; 1182
382; 2023/10/11; 06:29:16; 1514; 2322; 1650; 2465; 2634; 2966; 1997; 1531; 1532; 1523; 1181
383; 2023/10/11; 06:30:17; 1515; 2322; 1651; 2465; 2634; 2967; 1997; 1531; 1532; 1524; 1181
384; 2023/10/11; 06:31:18; 1515; 2323; 1649; 2466; 2634; 2967; 1997; 1531; 1532; 1523; 1181
385; 2023/10/11; 06:32:19; 1514; 2323; 1651; 2465; 2634; 2967; 1997; 1531; 1531; 1523; 1182
386; 2023/10/11; 06:33:20; 1515; 2322; 1650; 2465; 2634; 2967; 1997; 1531; 1532; 1523; 1181
387; 2023/10/11; 06:34:21; 1515; 2323; 1650; 2465; 2635; 2967; 1997; 1531; 1531; 1523; 1181
388; 2023/10/11; 06:35:22; 1515; 2323; 1650; 2465; 2634; 2966; 1997; 1532; 1532; 1524; 1181
389; 2023/10/11; 06:36:23; 1516; 2324; 1649; 2466; 2635; 2967; 1997; 1531; 1532; 1523; 1181
390; 2023/10/11; 06:37:24; 1516; 2325; 1649; 2466; 2634; 2968; 1997; 1532; 1532; 1524; 1181
391; 2023/10/11; 06:38:25; 1515; 2321; 1650; 2464; 2635; 2967; 1997; 1531; 1531; 1524; 1181
392; 2023/10/11; 06:39:26; 1515; 2321; 1650; 2465; 2634; 2967; 1997; 1532; 1532; 1524; 1181
393; 2023/10/11; 06:40:27; 1515; 2322; 1650; 2465; 2635; 2967; 1997; 1532; 1532; 1523; 1181
394; 2023/10/11; 06:41:28; 1514; 2322; 1650; 2465; 2634; 2967; 1997; 1532; 1533; 1524; 1181
395; 2023/10/11; 06:42:29; 1515; 2323; 1649; 2466; 2634; 2967; 1997; 1532; 1532; 1524; 1181
396; 2023/10/11; 06:43:30; 1516; 2324; 1649; 2466; 2635; 2968; 1997; 1533; 1533; 1524; 1181
397; 2023/10/11; 06:44:31; 1515; 2322; 1649; 2465; 2633; 2967; 1997; 1532; 1532; 1524; 1182
398; 2023/10/11; 06:45:32; 1514; 2322; 1650; 2465; 2635; 2968; 1997; 1532; 1532; 1524; 1181
399; 2023/10/11; 06:46:33; 1514; 2322; 1649; 2465; 2635; 2967; 1997; 1533; 1533; 1524; 1182
400; 2023/10/11; 06:47:34; 1515; 2323; 1648; 2466; 2635; 2968; 1997; 1532; 1534; 1524; 1181
401; 2023/10/11; 06:48:35; 1515; 2322; 1650; 2465; 2635; 2966; 1997; 1533; 1533; 1523; 1182
402; 2023/10/11; 06:49:36; 1515; 2323; 1650; 2465; 2635; 2967; 1997; 1532; 1533; 1524; 1182
403; 2023/10/11; 06:50:37; 1515; 2322; 1650; 2465; 2635; 2967; 1997; 1532; 1533; 1524; 1182
404; 2023/10/11; 06:51:38; 1516; 2323; 1649; 2465; 2634; 2967; 1997; 1532; 1532; 1524; 1182
405; 2023/10/11; 06:52:39; 1516; 2323; 1651; 2466; 2634; 2967; 1997; 1532; 1532; 1524; 1181
406; 2023/10/11; 06:53:40; 1515; 2322; 1650; 2466; 2634; 2966; 1997; 1533; 1533; 1525; 1181
407; 2023/10/11; 06:54:41; 1516; 2322; 1650; 2465; 2635; 2967; 1997; 1532; 1533; 1524; 1182
408; 2023/10/11; 06:55:42; 1515; 2322; 1649; 2465; 2634; 2967; 1997; 1533; 1533; 1524; 1182
409; 2023/10/11; 06:56:43; 1515; 2322; 1650; 2466; 2634; 2967; 1997; 1532; 1533; 1525; 1182
410; 2023/10/11; 06:57:44; 1514; 2323; 1650; 2465; 2634; 2966; 1997; 1531; 1532; 1524; 1182
411; 2023/10/11; 06:58:45; 1515; 2321; 1649; 2465; 2634; 2967; 1997; 1532; 1533; 1525; 1181
412; 2023/10/11; 06:59:46; 1515; 2322; 1651; 2465; 2635; 2967; 1997; 1532; 1533; 1524; 1181
413; 2023/10/11; 07:00:47; 1515; 2323; 1651; 2465; 2634; 2967; 1997; 1532; 1534; 1524; 1182
414; 2023/10/11; 07:01:48; 1512; 2323; 1649; 2465; 2635; 2966; 1997; 1531; 1533; 1525; 1181
415; 2023/10/11; 07:02:49; 1514; 2323; 1650; 2465; 2635; 2966; 1997; 1532; 1533; 1525; 1182
416; 2023/10/11; 07:03:50; 1514; 2322; 1649; 2465; 2634; 2967; 1997; 1532; 1533; 1524; 1182
417; 2023/10/11; 07:04:51; 1515; 2324; 1650; 2466; 2635; 2966; 1997; 1532; 1533; 1524; 1181
418; 2023/10/11; 07:05:52; 1514; 2322; 1651; 2465; 2635; 2965; 1997; 1533; 1533; 1525; 1181
419; 2023/10/11; 07:06:53; 1514; 2322; 1651; 2465; 2635; 2966; 1997; 1532; 1533; 1524; 1182
420; 2023/10/11; 07:07:54; 1515; 2324; 1650; 2466; 2634; 2966; 1997; 1532; 1534; 1524; 1182
421; 2023/10/11; 07:08:55; 1515; 2322; 1650; 2465; 2634; 2965; 1997; 1533; 1534; 1524; 1181
422; 2023/10/11; 07:09:56; 1515; 2321; 1650; 2465; 2634; 2967; 1997; 1532; 1534; 1524; 1182
423; 2023/10/11; 07:10:57; 1515; 2322; 1651; 2465; 2633; 2967; 1997; 1532; 1534; 1525; 1181
424; 2023/10/11; 07:11:58; 1516; 2323; 1650; 2465; 2635; 2968; 1997; 1533; 1534; 1524; 1181
425; 2023/10/11; 07:12:59; 1516; 2323; 1650; 2465; 2635; 2968; 1997; 1532; 1533; 1524; 1181
426; 2023/10/11; 07:14:00; 1517; 2322; 1650; 2465; 2634; 2966; 1997; 1533; 1534; 1524; 1182
427; 2023/10/11; 07:15:01; 1514; 2323; 1650; 2465; 2635; 2966; 1997; 1533; 1534; 1524; 1181
428; 2023/10/11; 07:16:02; 1514; 2322; 1649; 2465; 2634; 2966; 1997; 1532; 1533; 1525; 1182
429; 2023/10/11; 07:17:03; 1515; 2322; 1650; 2465; 2634; 2967; 1998; 1532; 1533; 1524; 1181
430; 2023/10/11; 07:18:04; 1514; 2321; 1650; 2465; 2635; 2966; 1997; 1531; 1534; 1525; 1181
431; 2023/10/11; 07:19:05; 1513; 2323; 1649; 2464; 2633; 2966; 1997; 1532; 1534; 1524; 1182
432; 2023/10/11; 07:20:06; 1516; 2323; 1650; 2466; 2634; 2966; 1997; 1533; 1533; 1524; 1182
433; 2023/10/11; 07:21:07; 1515; 2322; 1650; 2464; 2634; 2965; 1997; 1533; 1533; 1525; 1182
434; 2023/10/11; 07:22:08; 1515; 2324; 1649; 2465; 2634; 2967; 1997; 1532; 1533; 1524; 1181
435; 2023/10/11; 07:23:09; 1514; 2323; 1650; 2464; 2634; 2967; 1997; 1533; 1533; 1525; 1181
436; 2023/10/11; 07:24:10; 1516; 2323; 1650; 2465; 2635; 2966; 1998; 1532; 1533; 1524; 1181
437; 2023/10/11; 07:25:11; 1516; 2322; 1650; 2467; 2635; 2967; 1997; 1533; 1534; 1524; 1181
438; 2023/10/11; 07:26:12; 1516; 2323; 1649; 2464; 2634; 2967; 1997; 1533; 1534; 1525; 1182
439; 2023/10/11; 07:27:13; 1517; 2323; 1651; 2464; 2633; 2967; 1997; 1531; 1534; 1524; 1182
440; 2023/10/11; 07:28:14; 1515; 2324; 1650; 2467; 2634; 2966; 1997; 1532; 1533; 1525; 1181
441; 2023/10/11; 07:29:15; 1515; 2323; 1650; 2465; 2634; 2967; 1997; 1533; 1534; 1525; 1182
442; 2023/10/11; 07:30:16; 1516; 2323; 1649; 2465; 2634; 2967; 1997; 1532; 1534; 1525; 1182
443; 2023/10/11; 07:31:17; 1515; 2323; 1651; 2465; 2635; 2966; 1997; 1533; 1534; 1525; 1181
444; 2023/10/11; 07:32:18; 1516; 2323; 1649; 2465; 2634; 2967; 1997; 1532; 1533; 1525; 1182
445; 2023/10/11; 07:33:19; 1516; 2323; 1649; 2465; 2635; 2966; 1997; 1532; 1534; 1524; 1182
446; 2023/10/11; 07:34:20; 1515; 2323; 1649; 2465; 2636; 2967; 1997; 1533; 1534; 1525; 1182
447; 2023/10/11; 07:35:21; 1515; 2323; 1650; 2465; 2633; 2966; 1997; 1531; 1535; 1525; 1182
448; 2023/10/11; 07:36:22; 1515; 2322; 1648; 2464; 2634; 2966; 1997; 1533; 1534; 1525; 1181
449; 2023/10/11; 07:37:23; 1515; 2322; 1650; 2465; 2634; 2967; 1997; 1533; 1534; 1525; 1182
450; 2023/10/11; 07:38:24; 1515; 2322; 1649; 2464; 2634; 2966; 1997; 1532; 1534; 1525; 1182
451; 2023/10/11; 07:39:25; 1515; 2322; 1649; 2464; 2634; 2966; 1997; 1533; 1534; 1525; 1181
452; 2023/10/11; 07:40:26; 1514; 2323; 1650; 2466; 2635; 2967; 1997; 1533; 1535; 1525; 1182
453; 2023/10/11; 07:41:27; 1513; 2323; 1650; 2465; 2634; 2966; 1997; 1533; 1534; 1525; 1181
454; 2023/10/11; 07:42:28; 1516; 2322; 1650; 2465; 2635; 2967; 1997; 1533; 1534; 1525; 1181
455; 2023/10/11; 07:43:29; 1516; 2322; 1650; 2464; 2634; 2966; 1997; 1534; 1534; 1526; 1181
456; 2023/10/11; 07:44:30; 1515; 2322; 1650; 2465; 2634; 2965; 1997; 1532; 1534; 1525; 1182
457; 2023/10/11; 07:45:31; 1515; 2322; 1650; 2466; 2635; 2966; 1997; 1533; 1534; 1525; 1181
458; 2023/10/11; 07:46:32; 1513; 2321; 1650; 2465; 2633; 2966; 1997; 1533; 1534; 1526; 1182
459; 2023/10/11; 07:47:33; 1515; 2324; 1651; 2465; 2635; 2966; 1997; 1532; 1534; 1525; 1181
460; 2023/10/11; 07:48:34; 1516; 2323; 1650; 2465; 2634; 2966; 1997; 1534; 1534; 1525; 1181
461; 2023/10/11; 07:49:35; 1515; 2322; 1649; 2465; 2634; 2966; 1997; 1534; 1535; 1526; 1181
462; 2023/10/11; 07:50:36; 1515; 2322; 1651; 2465; 2634; 2966; 1997; 1533; 1534; 1526; 1182
463; 2023/10/11; 07:51:37; 1515; 2324; 1650; 2466; 2634; 2966; 1997; 1534; 1535; 1526; 1182
464; 2023/10/11; 07:52:38; 1515; 2324; 1649; 2465; 2634; 2967; 1997; 1533; 1534; 1525; 1182
465; 2023/10/11; 07:53:39; 1511; 2323; 1650; 2465; 2633; 2966; 1997; 1534; 1535; 1526; 1182
466; 2023/10/11; 07:54:40; 1515; 2323; 1649; 2465; 2634; 2967; 1997; 1533; 1534; 1526; 1182
467; 2023/10/11; 07:55:41; 1514; 2322; 1649; 2465; 2634; 2965; 1997; 1534; 1534; 1526; 1182
468; 2023/10/11; 07:56:42; 1515; 2322; 1650; 2465; 2634; 2966; 1997; 1534; 1534; 1526; 1182
469; 2023/10/11; 07:57:43; 1517; 2324; 1649; 2465; 2635; 2967; 1997; 1532; 1535; 1526; 1182
470; 2023/10/11; 07:58:44; 1515; 2322; 1650; 2464; 2634; 2966; 1997; 1534; 1534; 1526; 1181
471; 2023/10/11; 07:59:45; 1515; 2322; 1649; 2465; 2634; 2966; 1997; 1534; 1535; 1526; 1182
472; 2023/10/11; 08:00:46; 1515; 2321; 1649; 2465; 2633; 2966; 1997; 1535; 1535; 1525; 1182
473; 2023/10/11; 08:01:47; 1515; 2323; 1650; 2465; 2634; 2966; 1997; 1534; 1534; 1526; 1182
474; 2023/10/11; 08:02:48; 1514; 2321; 1651; 2465; 2634; 2966; 1997; 1533; 1535; 1526; 1182
475; 2023/10/11; 08:03:49; 1515; 2323; 1649; 2465; 2634; 2967; 1997; 1534; 1535; 1526; 1181
476; 2023/10/11; 08:04:50; 1515; 2322; 1649; 2464; 2634; 2966; 1997; 1534; 1535; 1526; 1182
477; 2023/10/11; 08:05:51; 1515; 2323; 1650; 2465; 2634; 2966; 1997; 1534; 1535; 1526; 1182
478; 2023/10/11; 08:06:52; 1514; 2322; 1650; 2465; 2634; 2966; 1997; 1534; 1535; 1526; 1182
479; 2023/10/11; 08:07:53; 1515; 2322; 1650; 2465; 2634; 2966; 1997; 1535; 1534; 1527; 1181
480; 2023/10/11; 08:08:54; 1515; 2322; 1649; 2465; 2632; 2966; 1997; 1534; 1534; 1527; 1182
481; 2023/10/11; 08:09:55; 1516; 2322; 1649; 2466; 2634; 2967; 1997; 1534; 1535; 1526; 1182
482; 2023/10/11; 08:10:56; 1514; 2321; 1650; 2465; 2634; 2966; 1997; 1535; 1535; 1526; 1182
483; 2023/10/11; 08:11:57; 1515; 2323; 1650; 2466; 2634; 2965; 1997; 1534; 1535; 1526; 1181
484; 2023/10/11; 08:12:58; 1515; 2322; 1649; 2464; 2633; 2966; 1997; 1534; 1534; 1526; 1182
485; 2023/10/11; 08:13:59; 1515; 2322; 1650; 2465; 2633; 2966; 1997; 1535; 1535; 1526; 1181
486; 2023/10/11; 08:15:00; 1515; 2321; 1651; 2464; 2634; 2966; 1997; 1534; 1535; 1526; 1182
487; 2023/10/11; 08:16:01; 1515; 2323; 1650; 2466; 2634; 2966; 1997; 1534; 1535; 1526; 1182
488; 2023/10/11; 08:17:02; 1515; 2323; 1651; 2465; 2632; 2965; 1997; 1534; 1535; 1526; 1182
489; 2023/10/11; 08:18:03; 1516; 2323; 1649; 2465; 2633; 2966; 1997; 1535; 1535; 1526; 1181
490; 2023/10/11; 08:19:04; 1516; 2323; 1650; 2465; 2634; 2966; 1997; 1534; 1535; 1526; 1182
491; 2023/10/11; 08:20:05; 1515; 2323; 1651; 2466; 2634; 2966; 1997; 1529; 1536; 1526; 1182
492; 2023/10/11; 08:21:06; 1517; 2323; 1650; 2465; 2634; 2967; 1997; 1535; 1535; 1526; 1181
493; 2023/10/11; 08:22:07; 1515; 2321; 1648; 2466; 2633; 2966; 1997; 1535; 1535; 1526; 1181
494; 2023/10/11; 08:23:08; 1515; 2323; 1650; 2466; 2633; 2966; 1997; 1535; 1536; 1527; 1182
495; 2023/10/11; 08:24:09; 1514; 2323; 1649; 2466; 2634; 2967; 1997; 1534; 1535; 1526; 1182
496; 2023/10/11; 08:25:10; 1515; 2321; 1650; 2465; 2633; 2965; 1997; 1535; 1535; 1527; 1181
497; 2023/10/11; 08:26:11; 1515; 2322; 1650; 2465; 2633; 2966; 1997; 1534; 1536; 1527; 1182
498; 2023/10/11; 08:27:12; 1514; 2322; 1649; 2465; 2633; 2966; 1997; 1534; 1535; 1526; 1182
499; 2023/10/11; 08:28:13; 1516; 2324; 1650; 2464; 2634; 2966; 1997; 1535; 1535; 1526; 1182
500; 2023/10/11; 08:29:14; 1515; 2323; 1650; 2465; 2633; 2966; 1997; 1534; 1535; 1526; 1181
501; 2023/10/11; 08:30:15; 1515; 2322; 1650; 2465; 2634; 2966; 1997; 1535; 1535; 1526; 1182
502; 2023/10/11; 08:31:16; 1515; 2323; 1650; 2465; 2633; 2965; 1997; 1534; 1535; 1527; 1182
503; 2023/10/11; 08:32:17; 1516; 2323; 1651; 2465; 2634; 2966; 1997; 1534; 1535; 1527; 1182
504; 2023/10/11; 08:33:18; 1516; 2323; 1649; 2466; 2635; 2967; 1997; 1534; 1535; 1526; 1182
505; 2023/10/11; 08:34:19; 1515; 2323; 1649; 2465; 2634; 2967; 1997; 1534; 1535; 1526; 1181
506; 2023/10/11; 08:35:20; 1516; 2323; 1649; 2465; 2634; 2966; 1997; 1535; 1535; 1527; 1182
507; 2023/10/11; 08:36:21; 1514; 2322; 1651; 2464; 2633; 2965; 1997; 1534; 1536; 1526; 1181
508; 2023/10/11; 08:37:22; 1516; 2323; 1650; 2465; 2633; 2963; 1997; 1535; 1535; 1527; 1182
509; 2023/10/11; 08:38:23; 1516; 2323; 1650; 2465; 2635; 2966; 1998; 1534; 1537; 1527; 1181
510; 2023/10/11; 08:39:24; 1515; 2325; 1649; 2465; 2634; 2967; 1997; 1534; 1535; 1527; 1182
511; 2023/10/11; 08:40:25; 1515; 2322; 1650; 2464; 2633; 2965; 1997; 1534; 1536; 1527; 1182
512; 2023/10/11; 08:41:26; 1516; 2323; 1651; 2465; 2635; 2967; 1997; 1535; 1535; 1526; 1181
513; 2023/10/11; 08:42:27; 1515; 2323; 1649; 2465; 2634; 2967; 1997; 1535; 1536; 1527; 1182
514; 2023/10/11; 08:43:28; 1515; 2323; 1649; 2465; 2634; 2966; 1997; 1534; 1535; 1527; 1182
515; 2023/10/11; 08:44:29; 1515; 2323; 1650; 2464; 2634; 2964; 1997; 1535; 1535; 1526; 1182
516; 2023/10/11; 08:45:30; 1516; 2323; 1648; 2465; 2633; 2967; 1997; 1534; 1535; 1526; 1182
517; 2023/10/11; 08:46:31; 1514; 2322; 1651; 2465; 2633; 2967; 1997; 1534; 1535; 1527; 1181
518; 2023/10/11; 08:47:32; 1514; 2322; 1649; 2465; 2633; 2966; 1997; 1535; 1535; 1527; 1181
519; 2023/10/11; 08:48:33; 1515; 2321; 1650; 2465; 2634; 2965; 1997; 1534; 1536; 1527; 1181
520; 2023/10/11; 08:49:34; 1515; 2323; 1649; 2465; 2634; 2967; 1997; 1534; 1535; 1526; 1182
521; 2023/10/11; 08:50:35; 1517; 2324; 1650; 2465; 2635; 2967; 1998; 1535; 1536; 1527; 1182
522; 2023/10/11; 08:51:36; 1516; 2323; 1649; 2465; 2635; 2966; 1997; 1535; 1536; 1527; 1182
523; 2023/10/11; 08:52:37; 1515; 2322; 1650; 2464; 2633; 2966; 1997; 1534; 1537; 1527; 1181
524; 2023/10/11; 08:53:38; 1514; 2321; 1650; 2465; 2633; 2965; 1997; 1535; 1535; 1527; 1181
525; 2023/10/11; 08:54:39; 1517; 2321; 1650; 2465; 2634; 2967; 1997; 1533; 1537; 1527; 1182
526; 2023/10/11; 08:55:40; 1515; 2323; 1649; 2465; 2635; 2968; 1997; 1534; 1536; 1526; 1182
527; 2023/10/11; 08:56:41; 1514; 2322; 1650; 2464; 2633; 2967; 1997; 1535; 1535; 1526; 1181
528; 2023/10/11; 08:57:42; 1515; 2322; 1649; 2465; 2633; 2966; 1997; 1534; 1535; 1526; 1182
529; 2023/10/11; 08:58:43; 1515; 2323; 1649; 2465; 2632; 2966; 1997; 1534; 1535; 1526; 1182
530; 2023/10/11; 08:59:44; 1515; 2322; 1650; 2464; 2633; 2965; 1997; 1533; 1536; 1527; 1182
531; 2023/10/11; 09:00:45; 1515; 2322; 1650; 2464; 2634; 2966; 1997; 1534; 1536; 1526; 1181
532; 2023/10/11; 09:01:46; 1516; 2323; 1650; 2466; 2633; 2966; 1997; 1534; 1535; 1527; 1181
533; 2023/10/11; 09:02:47; 1515; 2321; 1650; 2467; 2634; 2967; 1997; 1534; 1536; 1527; 1181
534; 2023/10/11; 09:03:48; 1516; 2324; 1650; 2465; 2634; 2967; 1997; 1534; 1536; 1527; 1181
535; 2023/10/11; 09:04:49; 1516; 2324; 1650; 2465; 2633; 2966; 1997; 1534; 1535; 1527; 1181
536; 2023/10/11; 09:05:50; 1515; 2323; 1650; 2466; 2635; 2966; 1997; 1535; 1535; 1527; 1182
537; 2023/10/11; 09:06:51; 1515; 2322; 1650; 2466; 2634; 2966; 1997; 1535; 1535; 1527; 1181
538; 2023/10/11; 09:07:52; 1516; 2323; 1650; 2465; 2634; 2966; 1997; 1535; 1536; 1527; 1182
539; 2023/10/11; 09:08:53; 1515; 2322; 1650; 2464; 2633; 2965; 1997; 1535; 1535; 1527; 1182
540; 2023/10/11; 09:09:54; 1515; 2324; 1650; 2465; 2632; 2966; 1997; 1535; 1536; 1527; 1182
541; 2023/10/11; 09:10:55; 1515; 2325; 1650; 2466; 2634; 2966; 1997; 1535; 1535; 1527; 1182
542; 2023/10/11; 09:11:56; 1514; 2321; 1651; 2464; 2633; 2965; 1997; 1535; 1537; 1527; 1181
543; 2023/10/11; 09:12:57; 1515; 2323; 1648; 2466; 2633; 2965; 1997; 1535; 1536; 1526; 1181
544; 2023/10/11; 09:13:58; 1515; 2322; 1649; 2465; 2635; 2967; 1997; 1535; 1536; 1526; 1182
545; 2023/10/11; 09:14:59; 1515; 2322; 1650; 2465; 2632; 2965; 1997; 1535; 1536; 1527; 1181
546; 2023/10/11; 09:16:00; 1514; 2322; 1650; 2464; 2633; 2966; 1997; 1534; 1536; 1527; 1181
547; 2023/10/11; 09:17:01; 1514; 2321; 1650; 2465; 2633; 2966; 1997; 1535; 1536; 1527; 1182
548; 2023/10/11; 09:18:02; 1515; 2322; 1650; 2466; 2633; 2966; 1997; 1534; 1536; 1527; 1182
549; 2023/10/11; 09:19:03; 1516; 2322; 1650; 2465; 2634; 2967; 1997; 1535; 1536; 1527; 1181
550; 2023/10/11; 09:20:04; 1515; 2322; 1649; 2465; 2632; 2966; 1998; 1535; 1536; 1527; 1182
551; 2023/10/11; 09:21:05; 1516; 2323; 1649; 2466; 2635; 2966; 1997; 1535; 1536; 1527; 1181
552; 2023/10/11; 09:22:06; 1516; 2323; 1650; 2465; 2635; 2967; 1997; 1535; 1537; 1527; 1181
553; 2023/10/11; 09:23:07; 1515; 2322; 1649; 2465; 2633; 2966; 1997; 1535; 1537; 1527; 1182
554; 2023/10/11; 09:24:08; 1515; 2321; 1650; 2465; 2633; 2965; 1997; 1536; 1536; 1527; 1182
555; 2023/10/11; 09:25:09; 1514; 2322; 1648; 2465; 2632; 2965; 1997; 1535; 1537; 1527; 1181
556; 2023/10/11; 09:26:10; 1516; 2323; 1650; 2464; 2634; 2965; 1997; 1535; 1536; 1526; 1181
557; 2023/10/11; 09:27:11; 1515; 2321; 1650; 2466; 2633; 2966; 1997; 1534; 1536; 1527; 1182
558; 2023/10/11; 09:28:12; 1514; 2323; 1649; 2465; 2634; 2966; 1997; 1535; 1536; 1528; 1181
559; 2023/10/11; 09:29:13; 1515; 2323; 1650; 2465; 2634; 2966; 1997; 1535; 1536; 1528; 1181
560; 2023/10/11; 09:30:14; 1516; 2322; 1649; 2464; 2634; 2966; 1997; 1535; 1536; 1527; 1182
561; 2023/10/11; 09:31:15; 1514; 2322; 1649; 2465; 2632; 2966; 1997; 1535; 1536; 1527; 1182
562; 2023/10/11; 09:32:16; 1513; 2322; 1651; 2464; 2634; 2966; 1997; 1535; 1535; 1527; 1182
563; 2023/10/11; 09:33:17; 1515; 2321; 1649; 2465; 2633; 2966; 1997; 1536; 1535; 1528; 1181
564; 2023/10/11; 09:34:18; 1515; 2322; 1649; 2464; 2633; 2966; 1997; 1535; 1536; 1528; 1181
565; 2023/10/11; 09:35:19; 1514; 2322; 1649; 2465; 2632; 2965; 1997; 1535; 1536; 1528; 1181
566; 2023/10/11; 09:36:20; 1515; 2323; 1650; 2465; 2633; 2966; 1997; 1535; 1537; 1527; 1181
567; 2023/10/11; 09:37:21; 1515; 2322; 1650; 2465; 2633; 2966; 1997; 1536; 1536; 1528; 1182
568; 2023/10/11; 09:38:22; 1516; 2323; 1650; 2465; 2634; 2967; 1997; 1535; 1537; 1527; 1182
569; 2023/10/11; 09:39:23; 1515; 2322; 1649; 2465; 2632; 2966; 1997; 1536; 1537; 1528; 1182
570; 2023/10/11; 09:40:24; 1515; 2322; 1649; 2465; 2634; 2966; 1997; 1535; 1537; 1528; 1181
571; 2023/10/11; 09:41:25; 1514; 2321; 1649; 2465; 2633; 2966; 1997; 1535; 1537; 1528; 1182
572; 2023/10/11; 09:42:26; 1514; 2322; 1650; 2465; 2632; 2966; 1997; 1535; 1537; 1528; 1182
573; 2023/10/11; 09:43:27; 1515; 2323; 1649; 2465; 2634; 2966; 1997; 1536; 1535; 1528; 1181
574; 2023/10/11; 09:44:28; 1516; 2323; 1649; 2465; 2633; 2966; 1997; 1535; 1536; 1527; 1182
575; 2023/10/11; 09:45:29; 1515; 2323; 1648; 2465; 2633; 2966; 1997; 1535; 1536; 1528; 1182
576; 2023/10/11; 09:46:30; 1515; 2322; 1648; 2464; 2633; 2965; 1997; 1535; 1537; 1528; 1181
577; 2023/10/11; 09:47:31; 1514; 2321; 1649; 2465; 2632; 2966; 1997; 1535; 1536; 1528; 1181
578; 2023/10/11; 09:48:32; 1515; 2322; 1649; 2464; 2632; 2965; 1997; 1535; 1536; 1528; 1181
579; 2023/10/11; 09:49:33; 1516; 2322; 1649; 2464; 2634; 2965; 1997; 1535; 1536; 1528; 1182
580; 2023/10/11; 09:50:34; 1515; 2322; 1649; 2465; 2634; 2966; 1997; 1535; 1537; 1527; 1181
581; 2023/10/11; 09:51:35; 1515; 2323; 1650; 2465; 2633; 2965; 1997; 1535; 1536; 1527; 1182
582; 2023/10/11; 09:52:36; 1515; 2323; 1650; 2465; 2634; 2966; 1997; 1535; 1536; 1528; 1181
583; 2023/10/11; 09:53:37; 1515; 2322; 1650; 2465; 2634; 2965; 1997; 1535; 1537; 1528; 1182
584; 2023/10/11; 09:54:38; 1515; 2323; 1650; 2465; 2633; 2965; 1997; 1535; 1536; 1528; 1181
585; 2023/10/11; 09:55:39; 1515; 2322; 1650; 2466; 2633; 2966; 1997; 1535; 1537; 1528; 1181
586; 2023/10/11; 09:56:40; 1515; 2323; 1650; 2465; 2634; 2966; 1997; 1534; 1537; 1527; 1182
587; 2023/10/11; 09:57:41; 1515; 2322; 1650; 2465; 2633; 2965; 1997; 1534; 1536; 1527; 1181
588; 2023/10/11; 09:58:42; 1514; 2321; 1649; 2465; 2633; 2965; 1997; 1535; 1537; 1528; 1181
589; 2023/10/11; 09:59:43; 1515; 2322; 1649; 2465; 2633; 2966; 1997; 1535; 1537; 1527; 1182
590; 2023/10/11; 10:00:44; 1515; 2323; 1649; 2465; 2634; 2966; 1997; 1535; 1536; 1528; 1181
591; 2023/10/11; 10:01:45; 1515; 2322; 1650; 2466; 2634; 2966; 1997; 1535; 1537; 1528; 1181
592; 2023/10/11; 10:02:46; 1515; 2323; 1650; 2465; 2633; 2966; 1997; 1535; 1537; 1528; 1181
593; 2023/10/11; 10:03:47; 1514; 2323; 1649; 2465; 2633; 2966; 1997; 1535; 1537; 1528; 1181
594; 2023/10/11; 10:04:48; 1516; 2323; 1649; 2465; 2634; 2966; 1997; 1535; 1537; 1528; 1181
595; 2023/10/11; 10:05:49; 1515; 2322; 1649; 2465; 2633; 2966; 1997; 1535; 1537; 1528; 1182
596; 2023/10/11; 10:06:50; 1515; 2322; 1649; 2465; 2634; 2966; 1997; 1535; 1537; 1528; 1181
597; 2023/10/11; 10:07:51; 1515; 2322; 1650; 2465; 2633; 2965; 1997; 1535; 1537; 1528; 1181
598; 2023/10/11; 10:08:52; 1515; 2322; 1650; 2464; 2633; 2965; 1997; 1535; 1537; 1527; 1182
599; 2023/10/11; 10:09:53; 1515; 2321; 1649; 2464; 2633; 2966; 1997; 1535; 1536; 1528; 1181
600; 2023/10/11; 10:10:54; 1515; 2322; 1649; 2465; 2633; 2966; 1997; 1535; 1537; 1527; 1181
601; 2023/10/11; 10:11:55; 1515; 2323; 1650; 2466; 2633; 2966; 1997; 1534; 1537; 1528; 1182
602; 2023/10/11; 10:12:56; 1514; 2322; 1649; 2465; 2633; 2965; 1997; 1535; 1536; 1527; 1182
603; 2023/10/11; 10:13:57; 1515; 2322; 1649; 2464; 2633; 2966; 1997; 1535; 1537; 1528; 1182
604; 2023/10/11; 10:14:58; 1515; 2323; 1649; 2465; 2633; 2965; 1997; 1534; 1537; 1528; 1181
605; 2023/10/11; 10:15:59; 1515; 2322; 1650; 2465; 2633; 2965; 1997; 1534; 1537; 1528; 1181
606; 2023/10/11; 10:17:00; 1514; 2323; 1649; 2465; 2634; 2966; 1997; 1534; 1536; 1528; 1182
607; 2023/10/11; 10:18:01; 1515; 2322; 1649; 2464; 2633; 2965; 1997; 1535; 1536; 1527; 1181
608; 2023/10/11; 10:19:02; 1514; 2323; 1649; 2465; 2633; 2966; 1997; 1535; 1537; 1527; 1182
609; 2023/10/11; 10:20:03; 1514; 2322; 1650; 2465; 2634; 2966; 1997; 1535; 1536; 1528; 1181
610; 2023/10/11; 10:21:04; 1515; 2320; 1650; 2465; 2633; 2966; 1997; 1535; 1537; 1528; 1182
611; 2023/10/11; 10:22:05; 1515; 2323; 1651; 2466; 2633; 2966; 1997; 1535; 1540; 1527; 1181
612; 2023/10/11; 10:23:06; 1515; 2322; 1650; 2464; 2633; 2965; 1997; 1534; 1544; 1527; 1182
613; 2023/10/11; 10:24:07; 1515; 2322; 1649; 2465; 2633; 2965; 1997; 1536; 1545; 1529; 1182
614; 2023/10/11; 10:25:08; 1515; 2323; 1650; 2466; 2634; 2966; 1997; 1536; 1548; 1528; 1182
615; 2023/10/11; 10:26:09; 1515; 2322; 1650; 2465; 2633; 2965; 1997; 1536; 1551; 1527; 1182
616; 2023/10/11; 10:27:10; 1514; 2321; 1651; 2464; 2633; 2965; 1997; 1537; 1553; 1527; 1182
617; 2023/10/11; 10:28:11; 1515; 2323; 1649; 2466; 2634; 2966; 1997; 1539; 1555; 1529; 1181
618; 2023/10/11; 10:29:12; 1515; 2322; 1650; 2465; 2634; 2966; 1997; 1538; 1557; 1528; 1181
619; 2023/10/11; 10:30:13; 1515; 2321; 1650; 2466; 2634; 2966; 1997; 1539; 1559; 1528; 1182
620; 2023/10/11; 10:31:14; 1514; 2322; 1650; 2465; 2634; 2966; 1997; 1540; 1561; 1528; 1182
621; 2023/10/11; 10:32:15; 1517; 2324; 1650; 2465; 2636; 2966; 1997; 1541; 1564; 1528; 1181
622; 2023/10/11; 10:33:16; 1515; 2323; 1650; 2465; 2634; 2966; 1997; 1542; 1565; 1528; 1182
623; 2023/10/11; 10:34:17; 1515; 2321; 1649; 2465; 2634; 2967; 1997; 1543; 1567; 1529; 1182
624; 2023/10/11; 10:35:18; 1516; 2322; 1650; 2465; 2635; 2967; 1997; 1545; 1569; 1530; 1182
625; 2023/10/11; 10:36:19; 1515; 2323; 1650; 2465; 2634; 2966; 1997; 1544; 1571; 1530; 1182
626; 2023/10/11; 10:37:20; 1515; 2323; 1649; 2465; 2635; 2966; 1997; 1545; 1571; 1530; 1181
627; 2023/10/11; 10:38:21; 1515; 2321; 1650; 2465; 2634; 2967; 1997; 1545; 1569; 1531; 1182
628; 2023/10/11; 10:39:22; 1515; 2322; 1650; 2464; 2634; 2966; 1997; 1547; 1568; 1531; 1181
629; 2023/10/11; 10:40:23; 1516; 2323; 1649; 2466; 2634; 2967; 1997; 1547; 1568; 1532; 1182
630; 2023/10/11; 10:41:24; 1513; 2322; 1649; 2465; 2635; 2966; 1997; 1548; 1567; 1532; 1182
631; 2023/10/11; 10:42:25; 1514; 2322; 1650; 2465; 2634; 2967; 1997; 1549; 1566; 1533; 1181
632; 2023/10/11; 10:43:26; 1513; 2323; 1649; 2465; 2634; 2967; 1997; 1548; 1566; 1533; 1182
633; 2023/10/11; 10:44:27; 1515; 2323; 1650; 2465; 2634; 2966; 1997; 1550; 1565; 1534; 1182
634; 2023/10/11; 10:45:28; 1515; 2322; 1650; 2465; 2634; 2966; 1997; 1549; 1565; 1535; 1182
635; 2023/10/11; 10:46:29; 1515; 2324; 1649; 2466; 2635; 2966; 1997; 1550; 1565; 1535; 1182
636; 2023/10/11; 10:47:30; 1517; 2324; 1649; 2466; 2635; 2967; 1997; 1550; 1563; 1535; 1182
637; 2023/10/11; 10:48:31; 1516; 2323; 1650; 2465; 2635; 2966; 1997; 1550; 1564; 1535; 1181
638; 2023/10/11; 10:49:32; 1515; 2321; 1649; 2465; 2634; 2966; 1997; 1551; 1563; 1536; 1182
639; 2023/10/11; 10:50:33; 1515; 2323; 1649; 2465; 2634; 2966; 1997; 1551; 1562; 1535; 1182
640; 2023/10/11; 10:51:34; 1516; 2323; 1649; 2465; 2634; 2966; 1997; 1551; 1563; 1537; 1182
641; 2023/10/11; 10:52:35; 1515; 2322; 1649; 2466; 2634; 2966; 1997; 1552; 1562; 1537; 1182
642; 2023/10/11; 10:53:36; 1515; 2322; 1648; 2466; 2634; 2966; 1997; 1552; 1562; 1537; 1182
643; 2023/10/11; 10:54:37; 1514; 2322; 1648; 2465; 2633; 2965; 1997; 1552; 1562; 1538; 1182
644; 2023/10/11; 10:55:38; 1513; 2322; 1650; 2465; 2632; 2965; 1997; 1553; 1561; 1537; 1182
645; 2023/10/11; 10:56:39; 1515; 2322; 1650; 2465; 2633; 2965; 1997; 1553; 1560; 1539; 1182
646; 2023/10/11; 10:57:40; 1515; 2323; 1648; 2466; 2634; 2965; 1997; 1552; 1561; 1539; 1181
647; 2023/10/11; 10:58:41; 1515; 2321; 1650; 2465; 2633; 2965; 1997; 1553; 1560; 1539; 1182
648; 2023/10/11; 10:59:42; 1515; 2323; 1649; 2465; 2634; 2966; 1997; 1553; 1560; 1540; 1182
649; 2023/10/11; 11:00:43; 1514; 2323; 1649; 2465; 2633; 2965; 1998; 1553; 1559; 1540; 1181
650; 2023/10/11; 11:01:44; 1515; 2322; 1649; 2465; 2633; 2965; 1997; 1553; 1559; 1540; 1182
651; 2023/10/11; 11:02:45; 1515; 2320; 1650; 2465; 2632; 2965; 1997; 1554; 1559; 1540; 1182
652; 2023/10/11; 11:03:46; 1515; 2322; 1649; 2465; 2633; 2965; 1997; 1553; 1558; 1540; 1182
653; 2023/10/11; 11:04:47; 1515; 2323; 1649; 2465; 2633; 2965; 1997; 1553; 1559; 1540; 1181
654; 2023/10/11; 11:05:48; 1514; 2323; 1650; 2465; 2634; 2965; 1997; 1553; 1558; 1541; 1182
655; 2023/10/11; 11:06:49; 1515; 2320; 1649; 2465; 2633; 2965; 1997; 1553; 1558; 1540; 1182
656; 2023/10/11; 11:07:50; 1514; 2322; 1649; 2465; 2634; 2965; 1997; 1554; 1558; 1540; 1182
657; 2023/10/11; 11:08:51; 1516; 2322; 1650; 2465; 2634; 2966; 1997; 1553; 1557; 1540; 1182
658; 2023/10/11; 11:09:52; 1515; 2322; 1649; 2466; 2633; 2965; 1997; 1553; 1557; 1541; 1182
659; 2023/10/11; 11:10:53; 1514; 2322; 1650; 2465; 2633; 2965; 1997; 1552; 1558; 1541; 1182
660; 2023/10/11; 11:11:54; 1515; 2322; 1649; 2466; 2633; 2965; 1998; 1552; 1557; 1541; 1182
661; 2023/10/11; 11:12:55; 1515; 2321; 1649; 2465; 2633; 2965; 1997; 1552; 1557; 1541; 1182
662; 2023/10/11; 11:13:56; 1514; 2322; 1649; 2465; 2632; 2965; 1997; 1552; 1557; 1541; 1182
663; 2023/10/11; 11:14:57; 1516; 2323; 1650; 2466; 2633; 2965; 1997; 1552; 1557; 1541; 1181
664; 2023/10/11; 11:15:58; 1516; 2323; 1650; 2465; 2633; 2965; 1997; 1553; 1557; 1541; 1182
665; 2023/10/11; 11:16:59; 1515; 2322; 1649; 2466; 2633; 2965; 1997; 1552; 1556; 1541; 1182
666; 2023/10/11; 11:18:00; 1515; 2320; 1649; 2465; 2633; 2965; 1997; 1552; 1557; 1541; 1182
667; 2023/10/11; 11:19:01; 1514; 2321; 1649; 2465; 2632; 2964; 1997; 1552; 1556; 1541; 1182
668; 2023/10/11; 11:20:02; 1515; 2322; 1649; 2465; 2633; 2965; 1997; 1552; 1557; 1541; 1182
669; 2023/10/11; 11:21:03; 1515; 2322; 1649; 2465; 2633; 2965; 1997; 1551; 1556; 1541; 1182
670; 2023/10/11; 11:22:04; 1515; 2322; 1649; 2465; 2633; 2965; 1997; 1551; 1555; 1542; 1182
671; 2023/10/11; 11:23:05; 1515; 2322; 1649; 2465; 2633; 2964; 1997; 1551; 1556; 1541; 1182
672; 2023/10/11; 11:24:06; 1515; 2323; 1649; 2466; 2632; 2965; 1998; 1551; 1555; 1541; 1182
673; 2023/10/11; 11:25:07; 1514; 2322; 1649; 2465; 2633; 2965; 1997; 1551; 1556; 1541; 1181
674; 2023/10/11; 11:26:08; 1514; 2322; 1649; 2465; 2633; 2965; 1997; 1551; 1555; 1541; 1182
675; 2023/10/11; 11:27:09; 1515; 2322; 1648; 2465; 2632; 2965; 1997; 1551; 1555; 1541; 1182
676; 2023/10/11; 11:28:10; 1515; 2321; 1648; 2465; 2632; 2964; 1997; 1550; 1555; 1541; 1182
677; 2023/10/11; 11:29:11; 1515; 2321; 1649; 2465; 2632; 2964; 1998; 1550; 1555; 1541; 1182
678; 2023/10/11; 11:30:12; 1514; 2322; 1650; 2465; 2633; 2965; 1997; 1551; 1554; 1541; 1181
679; 2023/10/11; 11:31:13; 1515; 2321; 1649; 2465; 2632; 2965; 1997; 1549; 1554; 1541; 1182
680; 2023/10/11; 11:32:14; 1515; 2322; 1649; 2465; 2632; 2965; 1997; 1551; 1554; 1541; 1181
681; 2023/10/11; 11:33:15; 1514; 2322; 1649; 2465; 2632; 2964; 1997; 1550; 1554; 1541; 1182
682; 2023/10/11; 11:34:16; 1515; 2321; 1649; 2465; 2632; 2964; 1997; 1549; 1555; 1541; 1182
683; 2023/10/11; 11:35:17; 1515; 2322; 1649; 2465; 2633; 2965; 1997; 1550; 1554; 1541; 1182
684; 2023/10/11; 11:36:18; 1515; 2321; 1649; 2465; 2633; 2964; 1997; 1549; 1554; 1541; 1182
685; 2023/10/11; 11:37:19; 1515; 2322; 1650; 2465; 2632; 2965; 1997; 1550; 1553; 1541; 1181
686; 2023/10/11; 11:38:20; 1515; 2322; 1649; 2465; 2632; 2964; 1997; 1550; 1553; 1540; 1182
687; 2023/10/11; 11:39:21; 1515; 2324; 1649; 2465; 2633; 2964; 1997; 1549; 1553; 1540; 1182
688; 2023/10/11; 11:40:22; 1515; 2323; 1649; 2465; 2633; 2965; 1997; 1549; 1554; 1540; 1182
689; 2023/10/11; 11:41:23; 1515; 2321; 1649; 2465; 2633; 2964; 1997; 1549; 1554; 1540; 1182
690; 2023/10/11; 11:42:24; 1515; 2322; 1649; 2465; 2632; 2964; 1997; 1549; 1553; 1540; 1181
691; 2023/10/11; 11:43:25; 1515; 2322; 1649; 2465; 2632; 2965; 1997; 1549; 1554; 1540; 1181
692; 2023/10/11; 11:44:26; 1515; 2323; 1649; 2466; 2633; 2965; 1997; 1549; 1553; 1540; 1181
693; 2023/10/11; 11:45:27; 1515; 2322; 1649; 2466; 2633; 2965; 1997; 1549; 1552; 1540; 1182
694; 2023/10/11; 11:46:28; 1515; 2322; 1650; 2466; 2633; 2964; 1997; 1549; 1552; 1540; 1182
695; 2023/10/11; 11:47:29; 1515; 2322; 1649; 2465; 2633; 2964; 1997; 1549; 1552; 1539; 1182
696; 2023/10/11; 11:48:30; 1513; 2322; 1650; 2465; 2632; 2964; 1997; 1548; 1552; 1539; 1182
697; 2023/10/11; 11:49:31; 1515; 2321; 1649; 2465; 2632; 2964; 1997; 1549; 1551; 1539; 1182
698; 2023/10/11; 11:50:32; 1515; 2322; 1650; 2465; 2633; 2964; 1997; 1548; 1552; 1539; 1182
699; 2023/10/11; 11:51:33; 1515; 2322; 1649; 2465; 2633; 2965; 1997; 1548; 1552; 1539; 1182
700; 2023/10/11; 11:52:34; 1516; 2322; 1649; 2465; 2633; 2965; 1997; 1548; 1552; 1539; 1182
701; 2023/10/11; 11:53:35; 1514; 2322; 1649; 2465; 2632; 2964; 1997; 1549; 1552; 1539; 1182
702; 2023/10/11; 11:54:36; 1515; 2322; 1649; 2465; 2633; 2965; 1997; 1548; 1552; 1539; 1182
703; 2023/10/11; 11:55:37; 1515; 2322; 1649; 2465; 2632; 2964; 1997; 1548; 1552; 1539; 1181
704; 2023/10/11; 11:56:38; 1515; 2322; 1649; 2465; 2633; 2964; 1997; 1548; 1552; 1539; 1182
705; 2023/10/11; 11:57:39; 1515; 2323; 1648; 2465; 2633; 2964; 1997; 1547; 1552; 1539; 1182
706; 2023/10/11; 11:58:40; 1515; 2322; 1650; 2465; 2633; 2964; 1997; 1547; 1552; 1539; 1182
707; 2023/10/11; 11:59:41; 1515; 2322; 1650; 2465; 2633; 2965; 1998; 1547; 1551; 1539; 1182
708; 2023/10/11; 12:00:42; 1515; 2322; 1649; 2465; 2632; 2964; 1997; 1548; 1551; 1539; 1182
709; 2023/10/11; 12:01:43; 1514; 2322; 1650; 2464; 2633; 2964; 1997; 1547; 1551; 1538; 1182
710; 2023/10/11; 12:02:44; 1515; 2322; 1650; 2465; 2633; 2964; 1997; 1546; 1551; 1539; 1181
711; 2023/10/11; 12:03:45; 1515; 2321; 1649; 2465; 2632; 2964; 1997; 1547; 1551; 1538; 1182
712; 2023/10/11; 12:04:46; 1514; 2322; 1649; 2465; 2632; 2964; 1997; 1546; 1550; 1538; 1181
713; 2023/10/11; 12:05:47; 1515; 2323; 1649; 2465; 2634; 2964; 1997; 1547; 1551; 1538; 1181
714; 2023/10/11; 12:06:48; 1515; 2321; 1650; 2465; 2633; 2965; 1997; 1547; 1551; 1538; 1182
715; 2023/10/11; 12:07:49; 1515; 2322; 1650; 2466; 2633; 2965; 1997; 1547; 1550; 1538; 1182
716; 2023/10/11; 12:08:50; 1515; 2322; 1649; 2465; 2633; 2964; 1997; 1546; 1550; 1538; 1181
717; 2023/10/11; 12:09:51; 1514; 2322; 1650; 2465; 2633; 2964; 1997; 1547; 1550; 1538; 1181
718; 2023/10/11; 12:10:52; 1515; 2322; 1649; 2465; 2633; 2964; 1997; 1547; 1550; 1538; 1181
719; 2023/10/11; 12:11:53; 1515; 2323; 1648; 2465; 2633; 2965; 1997; 1546; 1550; 1538; 1181
720; 2023/10/11; 12:12:54; 1515; 2322; 1649; 2465; 2633; 2964; 1997; 1547; 1550; 1538; 1182
721; 2023/10/11; 12:13:55; 1515; 2322; 1650; 2465; 2633; 2964; 1997; 1546; 1550; 1537; 1181
722; 2023/10/11; 12:14:56; 1514; 2323; 1649; 2465; 2633; 2964; 1997; 1546; 1549; 1538; 1182
723; 2023/10/11; 12:15:57; 1514; 2322; 1649; 2465; 2632; 2964; 1997; 1546; 1550; 1538; 1182
724; 2023/10/11; 12:16:58; 1515; 2322; 1650; 2466; 2633; 2965; 1997; 1546; 1549; 1538; 1182
725; 2023/10/11; 12:17:59; 1515; 2321; 1650; 2465; 2633; 2964; 1997; 1547; 1549; 1538; 1182
726; 2023/10/11; 12:19:00; 1515; 2322; 1649; 2465; 2633; 2965; 1997; 1546; 1549; 1538; 1182
727; 2023/10/11; 12:20:01; 1515; 2322; 1649; 2464; 2632; 2964; 1997; 1546; 1549; 1537; 1182
728; 2023/10/11; 12:21:02; 1515; 2321; 1650; 2465; 2633; 2964; 1997; 1546; 1549; 1537; 1181
729; 2023/10/11; 12:22:03; 1514; 2321; 1648; 2465; 2633; 2964; 1997; 1546; 1549; 1537; 1182
730; 2023/10/11; 12:23:04; 1515; 2323; 1649; 2465; 2633; 2964; 1997; 1546; 1549; 1538; 1182
731; 2023/10/11; 12:24:05; 1515; 2322; 1650; 2465; 2632; 2964; 1997; 1546; 1549; 1537; 1182
732; 2023/10/11; 12:25:06; 1515; 2322; 1649; 2464; 2633; 2964; 1997; 1546; 1549; 1538; 1182
733; 2023/10/11; 12:26:07; 1514; 2322; 1649; 2465; 2634; 2964; 1997; 1546; 1549; 1537; 1181
734; 2023/10/11; 12:27:08; 1515; 2322; 1649; 2465; 2633; 2964; 1997; 1546; 1549; 1537; 1181
735; 2023/10/11; 12:28:09; 1515; 2321; 1649; 2465; 2633; 2964; 1997; 1546; 1549; 1537; 1181
736; 2023/10/11; 12:29:10; 1515; 2323; 1649; 2465; 2632; 2964; 1997; 1546; 1549; 1537; 1181
737; 2023/10/11; 12:30:11; 1515; 2322; 1649; 2465; 2633; 2963; 1997; 1546; 1549; 1537; 1182
738; 2023/10/11; 12:31:12; 1515; 2322; 1648; 2465; 2633; 2964; 1997; 1546; 1548; 1537; 1182
739; 2023/10/11; 12:32:13; 1515; 2321; 1649; 2465; 2633; 2964; 1997; 1545; 1548; 1537; 1182
740; 2023/10/11; 12:33:14; 1515; 2322; 1649; 2464; 2632; 2964; 1997; 1545; 1548; 1537; 1182
741; 2023/10/11; 12:34:15; 1515; 2322; 1649; 2465; 2632; 2964; 1997; 1546; 1549; 1537; 1181
742; 2023/10/11; 12:35:16; 1515; 2322; 1649; 2465; 2633; 2964; 1997; 1545; 1548; 1537; 1182
743; 2023/10/11; 12:36:17; 1515; 2321; 1649; 2465; 2633; 2964; 1997; 1546; 1548; 1537; 1182
744; 2023/10/11; 12:37:18; 1514; 2322; 1649; 2465; 2632; 2964; 1997; 1545; 1548; 1537; 1182
745; 2023/10/11; 12:38:19; 1515; 2322; 1649; 2465; 2632; 2963; 1997; 1546; 1548; 1537; 1181
746; 2023/10/11; 12:39:20; 1515; 2323; 1650; 2466; 2633; 2964; 1997; 1545; 1548; 1537; 1182
747; 2023/10/11; 12:40:21; 1515; 2322; 1649; 2466; 2633; 2964; 1997; 1545; 1548; 1537; 1181
748; 2023/10/11; 12:41:22; 1514; 2321; 1649; 2465; 2633; 2964; 1997; 1545; 1549; 1537; 1182
749; 2023/10/11; 12:42:23; 1515; 2322; 1649; 2465; 2634; 2964; 1997; 1545; 1549; 1536; 1182
750; 2023/10/11; 12:43:24; 1515; 2322; 1649; 2465; 2633; 2965; 1997; 1546; 1548; 1537; 1181
751; 2023/10/11; 12:44:25; 1515; 2322; 1650; 2465; 2633; 2964; 1997; 1545; 1547; 1537; 1182
752; 2023/10/11; 12:45:26; 1515; 2323; 1649; 2465; 2634; 2964; 1997; 1545; 1548; 1536; 1182
753; 2023/10/11; 12:46:27; 1515; 2322; 1649; 2465; 2632; 2963; 1997; 1545; 1548; 1537; 1182
754; 2023/10/11; 12:47:28; 1515; 2322; 1649; 2465; 2632; 2964; 1997; 1546; 1548; 1537; 1181
755; 2023/10/11; 12:48:29; 1515; 2322; 1649; 2465; 2633; 2964; 1997; 1545; 1548; 1536; 1182
756; 2023/10/11; 12:49:30; 1515; 2322; 1649; 2465; 2633; 2964; 1997; 1544; 1548; 1537; 1182
757; 2023/10/11; 12:50:31; 1515; 2322; 1649; 2465; 2633; 2964; 1997; 1545; 1547; 1536; 1182
758; 2023/10/11; 12:51:32; 1514; 2321; 1649; 2466; 2632; 2964; 1997; 1545; 1547; 1536; 1181
759; 2023/10/11; 12:52:33; 1515; 2322; 1649; 2465; 2633; 2965; 1997; 1545; 1548; 1537; 1182
760; 2023/10/11; 12:53:34; 1515; 2321; 1650; 2464; 2633; 2964; 1997; 1544; 1547; 1536; 1181
761; 2023/10/11; 12:54:35; 1516; 2322; 1649; 2465; 2633; 2964; 1997; 1545; 1548; 1536; 1182
762; 2023/10/11; 12:55:36; 1514; 2322; 1650; 2465; 2632; 2965; 1998; 1544; 1547; 1536; 1181
763; 2023/10/11; 12:56:37; 1516; 2323; 1649; 2466; 2633; 2965; 1997; 1544; 1547; 1535; 1182
764; 2023/10/11; 12:57:38; 1515; 2323; 1649; 2465; 2633; 2964; 1997; 1545; 1546; 1536; 1181
765; 2023/10/11; 12:58:39; 1514; 2322; 1650; 2464; 2633; 2964; 1997; 1544; 1547; 1536; 1182
766; 2023/10/11; 12:59:40; 1515; 2322; 1649; 2465; 2633; 2964; 1997; 1544; 1547; 1536; 1181
767; 2023/10/11; 13:00:41; 1515; 2321; 1649; 2465; 2633; 2965; 1997; 1545; 1547; 1535; 1182
768; 2023/10/11; 13:01:42; 1515; 2322; 1649; 2465; 2633; 2964; 1997; 1544; 1547; 1536; 1182
769; 2023/10/11; 13:02:43; 1515; 2322; 1649; 2465; 2632; 2964; 1997; 1545; 1546; 1535; 1182
770; 2023/10/11; 13:03:44; 1514; 2322; 1649; 2465; 2632; 2964; 1997; 1544; 1547; 1535; 1181
771; 2023/10/11; 13:04:45; 1514; 2322; 1649; 2465; 2633; 2964; 1997; 1544; 1547; 1535; 1182
772; 2023/10/11; 13:05:46; 1514; 2322; 1649; 2465; 2633; 2964; 1997; 1544; 1546; 1535; 1182
773; 2023/10/11; 13:06:47; 1515; 2323; 1649; 2465; 2633; 2964; 1997; 1544; 1546; 1535; 1181
774; 2023/10/11; 13:07:48; 1514; 2322; 1650; 2464; 2633; 2964; 1997; 1543; 1547; 1535; 1181
775; 2023/10/11; 13:08:49; 1514; 2322; 1648; 2465; 2633; 2964; 1997; 1543; 1547; 1535; 1182
776; 2023/10/11; 13:09:50; 1515; 2323; 1649; 2465; 2633; 2964; 1997; 1543; 1547; 1535; 1181
777; 2023/10/11; 13:10:51; 1515; 2322; 1649; 2464; 2633; 2964; 1997; 1543; 1546; 1535; 1182
778; 2023/10/11; 13:11:52; 1515; 2321; 1650; 2465; 2633; 2964; 1997; 1543; 1546; 1535; 1182
779; 2023/10/11; 13:12:53; 1515; 2322; 1650; 2465; 2633; 2964; 1997; 1543; 1546; 1535; 1182
780; 2023/10/11; 13:13:54; 1515; 2322; 1650; 2464; 2633; 2964; 1997; 1543; 1547; 1535; 1182
781; 2023/10/11; 13:14:55; 1515; 2321; 1649; 2465; 2633; 2963; 1997; 1543; 1546; 1535; 1181
782; 2023/10/11; 13:15:56; 1515; 2322; 1650; 2465; 2632; 2964; 1997; 1543; 1546; 1535; 1182
783; 2023/10/11; 13:16:57; 1514; 2322; 1649; 2464; 2633; 2964; 1997; 1543; 1546; 1535; 1182
784; 2023/10/11; 13:17:58; 1515; 2323; 1649; 2464; 2633; 2964; 1997; 1543; 1546; 1535; 1181
785; 2023/10/11; 13:18:59; 1515; 2321; 1649; 2465; 2632; 2963; 1997; 1542; 1546; 1534; 1181
786; 2023/10/11; 13:20:00; 1515; 2322; 1650; 2464; 2632; 2964; 1997; 1543; 1546; 1534; 1181
787; 2023/10/11; 13:21:01; 1515; 2322; 1649; 2465; 2633; 2965; 1997; 1543; 1546; 1534; 1181
788; 2023/10/11; 13:22:02; 1515; 2321; 1649; 2465; 2633; 2963; 1997; 1542; 1546; 1534; 1181
789; 2023/10/11; 13:23:03; 1514; 2322; 1650; 2465; 2633; 2964; 1997; 1541; 1545; 1533; 1181
790; 2023/10/11; 13:24:04; 1515; 2323; 1650; 2465; 2632; 2964; 1997; 1542; 1546; 1534; 1181
791; 2023/10/11; 13:25:05; 1515; 2323; 1650; 2465; 2633; 2964; 1997; 1541; 1546; 1534; 1182
792; 2023/10/11; 13:26:06; 1515; 2322; 1648; 2465; 2633; 2964; 1997; 1543; 1545; 1534; 1182
793; 2023/10/11; 13:27:07; 1515; 2322; 1649; 2465; 2633; 2963; 1997; 1542; 1546; 1534; 1181
794; 2023/10/11; 13:28:08; 1514; 2322; 1649; 2465; 2632; 2963; 1997; 1543; 1545; 1533; 1182
795; 2023/10/11; 13:29:09; 1515; 2322; 1650; 2465; 2633; 2964; 1997; 1541; 1544; 1533; 1182
796; 2023/10/11; 13:30:10; 1515; 2323; 1650; 2465; 2633; 2963; 1997; 1541; 1545; 1533; 1182
797; 2023/10/11; 13:31:11; 1515; 2322; 1649; 2465; 2633; 2964; 1997; 1542; 1546; 1533; 1182
798; 2023/10/11; 13:32:12; 1515; 2323; 1649; 2465; 2633; 2964; 1997; 1541; 1545; 1533; 1182
799; 2023/10/11; 13:33:13; 1515; 2322; 1649; 2465; 2633; 2964; 1997; 1541; 1545; 1534; 1181
800; 2023/10/11; 13:34:14; 1515; 2321; 1649; 2465; 2633; 2964; 1997; 1541; 1544; 1533; 1182
801; 2023/10/11; 13:35:15; 1515; 2322; 1649; 2465; 2633; 2965; 1997; 1542; 1545; 1533; 1182
802; 2023/10/11; 13:36:16; 1514; 2322; 1649; 2465; 2633; 2964; 1997; 1542; 1544; 1533; 1182
803; 2023/10/11; 13:37:17; 1515; 2322; 1649; 2465; 2633; 2964; 1997; 1542; 1545; 1533; 1182
804; 2023/10/11; 13:38:18; 1515; 2322; 1649; 2465; 2633; 2964; 1997; 1541; 1545; 1533; 1182
805; 2023/10/11; 13:39:19; 1514; 2322; 1649; 2464; 2633; 2964; 1997; 1541; 1545; 1533; 1182
806; 2023/10/11; 13:40:20; 1515; 2322; 1649; 2465; 2633; 2963; 1997; 1541; 1544; 1533; 1181
807; 2023/10/11; 13:41:21; 1514; 2323; 1649; 2465; 2633; 2964; 1997; 1541; 1544; 1533; 1181
808; 2023/10/11; 13:42:22; 1514; 2322; 1649; 2465; 2633; 2963; 1997; 1542; 1544; 1533; 1182
809; 2023/10/11; 13:43:23; 1515; 2322; 1649; 2465; 2633; 2963; 1997; 1542; 1544; 1534; 1181
810; 2023/10/11; 13:44:24; 1514; 2322; 1649; 2465; 2633; 2964; 1997; 1541; 1544; 1532; 1182
811; 2023/10/11; 13:45:25; 1514; 2322; 1649; 2465; 2633; 2964; 1997; 1541; 1544; 1533; 1181
812; 2023/10/11; 13:46:26; 1515; 2322; 1649; 2465; 2632; 2964; 1997; 1541; 1544; 1532; 1182
813; 2023/10/11; 13:47:27; 1514; 2322; 1649; 2465; 2633; 2964; 1997; 1541; 1544; 1533; 1181
814; 2023/10/11; 13:48:28; 1515; 2322; 1650; 2465; 2633; 2964; 1997; 1542; 1544; 1533; 1181
815; 2023/10/11; 13:49:29; 1515; 2322; 1650; 2465; 2633; 2963; 1997; 1541; 1544; 1533; 1182
816; 2023/10/11; 13:50:30; 1516; 2322; 1650; 2465; 2633; 2964; 1997; 1541; 1544; 1533; 1181
817; 2023/10/11; 13:51:31; 1515; 2323; 1649; 2465; 2633; 2964; 1997; 1540; 1543; 1533; 1182
818; 2023/10/11; 13:52:32; 1515; 2322; 1650; 2465; 2633; 2964; 1997; 1541; 1544; 1532; 1182
819; 2023/10/11; 13:53:33; 1514; 2322; 1649; 2465; 2633; 2964; 1997; 1540; 1544; 1533; 1182
820; 2023/10/11; 13:54:34; 1514; 2321; 1649; 2464; 2633; 2963; 1997; 1542; 1544; 1533; 1182
821; 2023/10/11; 13:55:35; 1515; 2322; 1649; 2464; 2633; 2964; 1997; 1541; 1543; 1533; 1181
822; 2023/10/11; 13:56:36; 1515; 2321; 1649; 2465; 2632; 2963; 1997; 1541; 1544; 1532; 1181
823; 2023/10/11; 13:57:37; 1515; 2322; 1650; 2465; 2633; 2964; 1997; 1540; 1544; 1532; 1181
824; 2023/10/11; 13:58:38; 1514; 2322; 1649; 2465; 2633; 2964; 1997; 1540; 1543; 1533; 1181
825; 2023/10/11; 13:59:39; 1515; 2321; 1649; 2464; 2633; 2963; 1997; 1541; 1544; 1533; 1181
826; 2023/10/11; 14:00:40; 1516; 2322; 1649; 2465; 2633; 2964; 1997; 1541; 1543; 1532; 1181
827; 2023/10/11; 14:01:41; 1515; 2323; 1648; 2465; 2633; 2963; 1997; 1541; 1543; 1532; 1182
828; 2023/10/11; 14:02:42; 1515; 2322; 1649; 2465; 2633; 2964; 1997; 1541; 1544; 1533; 1181
829; 2023/10/11; 14:03:43; 1515; 2321; 1649; 2465; 2633; 2963; 1997; 1540; 1543; 1533; 1181
830; 2023/10/11; 14:04:44; 1515; 2323; 1649; 2465; 2632; 2963; 1997; 1541; 1543; 1532; 1182
831; 2023/10/11; 14:05:45; 1515; 2322; 1650; 2465; 2633; 2964; 1997; 1540; 1543; 1532; 1181
832; 2023/10/11; 14:06:46; 1515; 2322; 1650; 2465; 2633; 2963; 1997; 1541; 1543; 1532; 1181
833; 2023/10/11; 14:07:47; 1515; 2323; 1649; 2465; 2633; 2964; 1997; 1541; 1543; 1532; 1182
834; 2023/10/11; 14:08:48; 1515; 2322; 1649; 2465; 2633; 2963; 1997; 1541; 1543; 1532; 1181
835; 2023/10/11; 14:09:49; 1514; 2322; 1650; 2465; 2633; 2964; 1997; 1540; 1543; 1532; 1182
836; 2023/10/11; 14:10:50; 1515; 2322; 1648; 2465; 2633; 2963; 1997; 1540; 1544; 1532; 1181
837; 2023/10/11; 14:11:51; 1515; 2321; 1649; 2464; 2633; 2964; 1997; 1541; 1544; 1532; 1182
838; 2023/10/11; 14:12:52; 1515; 2322; 1649; 2465; 2633; 2963; 1997; 1540; 1543; 1532; 1181
839; 2023/10/11; 14:13:53; 1515; 2322; 1649; 2464; 2632; 2964; 1997; 1541; 1544; 1532; 1181
840; 2023/10/11; 14:14:54; 1515; 2321; 1649; 2464; 2633; 2964; 1997; 1541; 1543; 1533; 1181
841; 2023/10/11; 14:15:55; 1515; 2322; 1649; 2464; 2633; 2963; 1997; 1540; 1542; 1532; 1181
842; 2023/10/11; 14:16:56; 1515; 2322; 1649; 2465; 2633; 2964; 1997; 1541; 1543; 1532; 1182
843; 2023/10/11; 14:17:57; 1515; 2321; 1649; 2464; 2633; 2964; 1997; 1541; 1542; 1532; 1181
844; 2023/10/11; 14:18:58; 1515; 2322; 1649; 2465; 2633; 2963; 1997; 1540; 1542; 1532; 1181
845; 2023/10/11; 14:19:59; 1515; 2322; 1649; 2465; 2633; 2964; 1997; 1540; 1543; 1531; 1182
846; 2023/10/11; 14:21:00; 1515; 2322; 1648; 2465; 2633; 2964; 1998; 1540; 1543; 1531; 1181
847; 2023/10/11; 14:22:01; 1514; 2322; 1649; 2465; 2633; 2964; 1997; 1541; 1543; 1531; 1182
848; 2023/10/11; 14:23:02; 1515; 2322; 1649; 2465; 2633; 2964; 1997; 1540; 1543; 1531; 1181
849; 2023/10/11; 14:24:03; 1515; 2322; 1649; 2465; 2633; 2963; 1997; 1540; 1542; 1531; 1181
850; 2023/10/11; 14:25:04; 1514; 2322; 1650; 2465; 2633; 2963; 1998; 1540; 1542; 1531; 1181
851; 2023/10/11; 14:26:05; 1515; 2322; 1650; 2464; 2633; 2963; 1997; 1539; 1542; 1531; 1182
852; 2023/10/11; 14:27:06; 1514; 2322; 1649; 2465; 2632; 2964; 1997; 1540; 1543; 1531; 1181
853; 2023/10/11; 14:28:07; 1515; 2322; 1649; 2465; 2632; 2963; 1997; 1540; 1543; 1531; 1181
854; 2023/10/11; 14:29:08; 1515; 2323; 1649; 2465; 2633; 2964; 1997; 1539; 1542; 1531; 1182
855; 2023/10/11; 14:30:09; 1515; 2322; 1649; 2465; 2633; 2963; 1997; 1539; 1542; 1531; 1181
856; 2023/10/11; 14:31:10; 1515; 2323; 1649; 2465; 2632; 2964; 1997; 1539; 1541; 1531; 1182
857; 2023/10/11; 14:32:11; 1515; 2323; 1650; 2465; 2633; 2963; 1997; 1539; 1543; 1531; 1182
858; 2023/10/11; 14:33:12; 1514; 2322; 1649; 2465; 2633; 2963; 1997; 1539; 1542; 1531; 1181
859; 2023/10/11; 14:34:13; 1515; 2322; 1650; 2465; 2633; 2964; 1997; 1540; 1542; 1531; 1181
860; 2023/10/11; 14:35:14; 1514; 2322; 1650; 2464; 2633; 2964; 1997; 1539; 1542; 1531; 1182
861; 2023/10/11; 14:36:15; 1515; 2322; 1649; 2465; 2633; 2964; 1997; 1539; 1542; 1531; 1181
862; 2023/10/11; 14:37:16; 1515; 2322; 1649; 2464; 2633; 2963; 1997; 1539; 1543; 1531; 1181
863; 2023/10/11; 14:38:17; 1515; 2321; 1649; 2465; 2633; 2963; 1997; 1539; 1542; 1531; 1181
864; 2023/10/11; 14:39:18; 1515; 2321; 1649; 2465; 2633; 2963; 1997; 1539; 1542; 1531; 1182
865; 2023/10/11; 14:40:19; 1516; 2322; 1649; 2465; 2633; 2963; 1997; 1539; 1542; 1531; 1181
866; 2023/10/11; 14:41:20; 1515; 2322; 1650; 2465; 2633; 2963; 1997; 1539; 1542; 1531; 1181
867; 2023/10/11; 14:42:21; 1514; 2322; 1649; 2465; 2633; 2963; 1997; 1539; 1542; 1531; 1181
868; 2023/10/11; 14:43:22; 1515; 2323; 1650; 2465; 2632; 2963; 1997; 1539; 1542; 1530; 1182
869; 2023/10/11; 14:44:23; 1514; 2322; 1650; 2464; 2633; 2963; 1997; 1539; 1541; 1530; 1181
